年月日,成交量(千股),成交值(千元),外資買賣超市值(百萬),融券餘額(千元),融資餘額(千元)
2025-12-31,"9,768,832","548,425,314","-3,863,790","26,782,938.74","343,409,624"
2025-12-30,"8,876,360","469,871,782","3,114,650","26,596,368.81","341,367,697"
2025-12-29,"8,569,606","469,061,962","4,517,910","26,349,895.66","339,886,882"
2025-12-26,"8,084,220","443,994,479","5,794,780","26,491,548.24","340,337,182"
2025-12-24,"7,899,870","439,061,668","-4,919,820","25,889,614.07","338,902,814"
2025-12-23,"7,965,662","431,994,260","-11,783,070","24,994,162.91","337,588,452"
2025-12-22,"8,984,157","504,472,490","20,299,000","24,974,583.72","335,196,079"
2025-12-19,"9,145,168","568,327,509","-1,784,800","24,841,773.37","333,308,737"
2025-12-18,"8,450,315","460,035,955","-22,948,280","24,318,059.18","332,380,151"
2025-12-17,"9,020,647","524,829,243","-36,013,100","24,693,434.35","332,174,898"
2025-12-16,"9,586,999","547,186,167","-50,295,700","24,471,354.52","328,789,479"
2025-12-15,"7,855,274","451,740,486","-41,340,440","26,391,596.34","331,859,338"
2025-12-12,"8,508,400","488,652,979","16,225,480","27,396,489.22","329,349,582"
2025-12-11,"8,087,246","537,128,803","-16,535,610","27,365,572.57","326,671,838"
2025-12-10,"8,239,950","509,141,432","20,184,970","27,011,932.94","327,694,562"
2025-12-09,"8,116,345","524,525,111","-5,577,190","27,043,236.31","326,884,256"
2025-12-08,"7,603,908","438,297,179","13,258,240","26,719,088.62","324,739,047"
2025-12-05,"6,781,520","457,238,821","35,897,360","26,220,682.15","322,916,606"
2025-12-04,"6,475,222","397,985,953","10,339,030","25,121,295.53","322,826,443"
2025-12-03,"6,838,633","457,284,590","15,778,370","25,189,172.67","321,425,021"
2025-12-02,"7,321,099","486,538,825","13,561,230","25,627,112.49","319,737,063"
2025-12-01,"7,418,235","493,440,574","-20,239,420","25,530,198.99","319,360,271"
2025-11-28,"7,671,742","489,885,964","-19,000,660","26,005,012.80","317,182,219"
2025-11-27,"7,539,156","506,517,208","11,533,450","25,848,766.90","314,005,988"
2025-11-26,"7,902,773","523,531,629","12,185,410","25,205,716.61","311,060,405"
2025-11-25,"6,714,625","490,750,703","5,832,180","26,084,386.40","311,368,884"
2025-11-24,"9,236,525","749,163,116","-27,811,040","24,511,231.19","306,380,132"
2025-11-21,"8,853,582","581,860,848","-77,503,750","23,859,007.98","303,707,640"
2025-11-20,"8,497,528","592,368,253","14,174,650","26,809,564.76","309,665,154"
2025-11-19,"8,069,342","516,180,089","-20,146,970","25,367,089.46","306,204,612"
2025-11-18,"10,450,443","672,757,035","-34,966,730","26,684,567.87","306,328,549"
2025-11-17,"8,604,107","547,722,102","8,586,100","27,703,508.48","311,090,494"
2025-11-14,"9,939,352","614,575,227","-48,709,710","27,089,802.85","311,008,013"
2025-11-13,"10,545,273","674,189,961","-4,724,660","28,543,905.63","313,950,396"
2025-11-12,"8,954,069","576,091,990","-8,908,960","28,343,203.70","312,952,699"
2025-11-11,"8,924,063","584,494,820","-15,358,560","28,484,214.31","309,815,211"
2025-11-10,"7,491,028","504,213,278","-2,672,960","27,815,292.07","310,127,766"
2025-11-07,"7,878,592","486,727,226","-28,934,540","26,663,941.90","307,760,711"
2025-11-06,"7,863,001","514,272,235","-5,176,760","26,994,768.96","307,909,118"
2025-11-05,"8,989,778","619,346,788","-47,594,750","25,042,541.71","302,885,861"
2025-11-04,"8,404,740","604,283,395","-3,534,290","27,191,420.62","300,318,118"
2025-11-03,"8,299,689","581,496,914","-4,618,720","28,246,572.36","304,336,086"
2025-10-31,"8,339,995","576,144,513","-27,950,750","27,540,156.53","301,750,936"
2025-10-30,"9,446,378","633,558,030","2,846,140","28,101,845.13","298,392,446"
2025-10-29,"9,076,231","594,219,629","5,087,560","28,178,543.48","300,589,167"
2025-10-28,"8,579,810","555,663,566","-23,315,800","27,467,357.59","296,373,285"
2025-10-27,"9,337,097","564,293,629","27,253,260","27,308,089.68","295,984,232"
2025-10-23,"7,318,554","434,561,455","-17,508,060","25,935,659.28","292,588,808"
2025-10-22,"7,835,590","463,157,561","-18,434,440","25,985,699.32","292,885,334"
2025-10-21,"8,507,303","528,880,140","2,948,010","26,291,943.68","290,984,087"
2025-10-20,"8,045,886","498,961,206","15,855,890","26,072,472.09","289,524,473"
2025-10-17,"8,962,849","556,452,817","-15,454,030","25,534,346.59","285,198,688"
2025-10-16,"9,035,460","565,481,652","12,072,590","25,208,478.59","285,280,346"
2025-10-15,"8,387,861","521,429,411","-12,271,940","23,662,608.66","280,251,490"
2025-10-14,"12,066,540","709,086,353","-12,651,530","23,103,700.54","275,345,144"
2025-10-13,"10,191,083","608,460,235","-44,153,120","23,227,080.05","283,166,809"
2025-10-09,"9,444,331","582,670,484","5,535,670","25,378,770.66","285,612,707"
2025-10-08,"8,261,189","471,275,287","-11,873,890","24,160,416.69","283,589,248"
2025-10-07,"9,348,656","575,780,610","216,300","24,781,110.23","283,226,471"
2025-10-03,"7,784,825","480,095,576","18,262,860","24,043,835.16","281,879,913"
2025-10-02,"8,085,314","506,683,446","20,045,260","23,174,029.59","278,985,046"
2025-10-01,"7,679,791","468,840,061","12,833,250","22,371,041.81","276,236,855"
2025-09-30,"6,699,602","455,296,213","3,982,890","21,254,448.24","275,429,159"
2025-09-26,"8,334,201","500,052,396","-17,406,820","20,181,106.06","271,547,444"
2025-09-25,"8,846,470","503,204,151","407,220","22,681,688.51","275,265,205"
2025-09-24,"7,897,848","515,187,636","-13,277,870","22,465,047.54","274,650,726"
2025-09-23,"8,950,246","547,004,847","9,770,480","22,763,600.04","272,801,313"
2025-09-22,"7,847,993","482,061,403","-7,655,070","22,767,225.29","272,458,389"
2025-09-19,"9,787,714","619,694,769","-14,543,780","22,887,197.79","268,834,779"
2025-09-18,"8,339,290","467,374,300","13,054,940","23,015,939.68","266,808,583"
2025-09-17,"7,849,906","439,687,060","-4,348,850","22,425,937.37","264,869,284"
2025-09-16,"7,560,459","455,107,630","28,035,700","22,432,149.66","265,856,690"
2025-09-15,"6,958,333","407,891,369","2,133,990","21,876,313.73","264,210,665"
2025-09-12,"7,830,621","495,051,339","25,006,470","23,104,475.48","265,614,872"
2025-09-11,"9,553,641","609,494,103","31,239,490","22,959,228.45","265,854,797"
2025-09-10,"8,693,632","540,470,187","43,800,150","22,830,867.79","269,963,070"
2025-09-09,"8,091,742","512,534,389","32,345,320","22,351,710.62","267,536,355"
2025-09-08,"7,768,998","443,185,374","11,552,610","22,632,613.67","266,510,445"
2025-09-05,"6,973,379","426,569,974","25,694,360","22,696,368.71","264,502,119"
2025-09-04,"7,455,297","450,547,881","10,663,700","21,912,512.81","261,541,660"
2025-09-03,"6,215,237","375,154,827","8,632,790","21,684,124.68","261,032,834"
2025-09-02,"6,868,073","420,249,878","8,590,130","20,467,335.42","259,012,527"
2025-09-01,"7,882,519","522,538,354","-4,737,950","21,891,335.90","259,146,921"
2025-08-29,"7,716,714","478,348,167","-9,613,600","22,755,980.91","262,327,206"
2025-08-28,"7,619,400","449,197,099","-8,926,330","22,137,815.04","260,232,173"
2025-08-27,"7,675,360","467,302,614","-1,992,980","21,562,791.99","258,305,814"
2025-08-26,"8,259,451","532,063,118","-12,565,180","21,800,690.25","255,260,819"
2025-08-25,"7,201,907","431,825,644","21,701,780","21,373,579.38","253,933,965"
2025-08-22,"6,571,719","369,732,364","-14,889,760","19,186,366.06","251,544,566"
2025-08-21,"6,990,398","420,673,855","-9,780,220","19,829,856.03","251,706,436"
2025-08-20,"8,611,743","572,237,896","-52,274,710","19,645,987.42","248,938,691"
2025-08-19,"8,279,842","477,889,208","-10,073,590","22,559,036.17","250,196,431"
2025-08-18,"8,459,665","457,868,280","5,493,630","23,071,591.18","249,893,217"
2025-08-15,"7,913,302","454,217,776","7,259,570","22,462,390.33","248,323,823"
2025-08-14,"7,941,972","486,603,622","-4,064,070","22,331,250.57","245,039,278"
2025-08-13,"8,864,976","573,873,489","4,913,640","22,289,754.10","242,381,988"
2025-08-12,"7,513,604","430,747,663","-7,237,540","22,680,736.56","243,266,413"
2025-08-11,"7,230,198","437,210,225","-3,851,040","22,207,082.57","242,509,549"
2025-08-08,"7,010,275","432,109,965","-4,016,190","21,236,502.53","238,616,660"
2025-08-07,"7,106,666","467,380,441","37,083,420","21,129,176.29","237,514,138"
2025-08-06,"6,009,196","361,183,155","-8,956,380","20,632,960.21","236,036,507"
2025-08-05,"6,610,002","380,074,357","10,117,430","20,737,976.56","235,386,899"
2025-08-04,"6,547,254","339,596,557","7,123,090","20,101,837.58","233,410,441"
2025-08-01,"6,950,284","404,788,588","-3,403,960","20,556,435.19","232,588,286"
2025-07-31,"7,079,439","412,096,428","8,816,330","20,216,108.21","231,315,484"
2025-07-30,"6,095,108","336,226,659","11,088,910","19,460,048.38","229,782,020"
2025-07-29,"6,685,041","390,574,563","-12,372,870","19,252,523.54","229,520,930"
2025-07-28,"5,994,460","323,398,574","4,729,030","19,809,282.32","230,048,512"
2025-07-25,"5,964,609","302,559,239","9,231,290","19,318,705.61","229,580,905"
2025-07-24,"6,322,628","348,331,144","8,210,570","19,124,163.28","229,227,323"
2025-07-23,"6,238,239","360,908,872","8,484,320","18,992,997.99","227,983,407"
2025-07-22,"6,889,507","449,009,636","11,711,830","18,498,261.42","224,554,075"
2025-07-21,"5,279,612","316,345,580","4,723,450","18,734,500.59","229,461,412"
2025-07-18,"6,130,525","381,297,826","29,685,330","18,838,743.18","228,221,800"
2025-07-17,"5,826,064","343,559,779","3,509,800","18,139,143.17","227,981,188"
2025-07-16,"6,375,009","391,295,025","13,819,730","18,024,813.29","226,872,563"
2025-07-15,"5,429,807","319,870,598","17,243,550","17,052,313.44","226,722,755"
2025-07-14,"4,853,105","281,512,623","-326,360","16,894,813.70","224,437,905"
2025-07-11,"7,092,180","337,982,404","15,668,050","17,281,274.92","224,058,848"
2025-07-10,"5,553,213","327,393,549","8,354,090","17,717,084.43","224,196,382"
2025-07-09,"5,646,619","322,528,415","8,261,670","17,364,644.83","222,618,366"
2025-07-08,"5,407,011","282,705,631","1,349,680","16,935,122.30","222,090,108"
2025-07-07,"4,962,856","269,071,472","-3,076,900","16,688,096.12","221,554,232"
2025-07-04,"5,632,671","331,133,814","2,253,910","17,452,394.94","223,751,199"
2025-07-03,"6,029,111","383,825,214","27,499,500","17,524,305.21","225,841,159"
2025-07-02,"5,101,662","304,435,099","7,562,440","16,815,185.39","225,315,996"
2025-07-01,"6,415,082","421,991,169","46,750,580","16,622,251.86","225,161,417"
2025-06-30,"5,791,190","365,764,595","-5,213,150","16,233,671.50","226,292,649"
2025-06-27,"6,064,087","374,841,846","27,297,270","16,026,041.25","225,228,402"
2025-06-26,"6,410,607","399,984,776","27,274,070","15,467,249.88","224,719,554"
2025-06-25,"6,335,015","401,074,986","30,555,720","15,604,750.09","224,189,539"
2025-06-24,"7,011,455","401,630,916","26,992,620","15,173,124.03","224,318,492"
2025-06-23,"5,617,706","314,404,805","-12,774,800","14,838,850.79","224,437,549"
2025-06-20,"6,862,237","463,891,770","-3,712,580","15,385,620.54","224,123,355"
2025-06-19,"5,689,009","337,907,299","-14,907,820","15,637,876.95","225,036,136"
2025-06-18,"6,399,812","394,797,009","15,489,250","15,564,591.07","224,753,502"
2025-06-17,"6,125,208","374,245,537","5,515,720","15,810,346.36","224,287,636"
2025-06-16,"5,524,506","298,283,417","274,520","16,242,052.05","224,418,003"
2025-06-13,"6,908,522","374,682,954","-2,727,320","16,687,671.58","223,309,933"
2025-06-12,"5,845,048","350,086,370","964,410","16,768,328.98","223,680,596"
2025-06-11,"6,677,404","411,974,082","5,963,360","16,486,348.95","222,185,864"
2025-06-10,"6,797,923","402,770,551","36,389,480","16,535,787.13","220,627,683"
2025-06-09,"5,424,065","307,755,303","-1,194,600","16,351,760.04","222,414,142"
2025-06-06,"5,283,685","306,326,887","-13,820,420","16,640,642.39","222,353,111"
2025-06-05,"6,479,408","370,407,613","590,700","17,289,069.77","222,431,847"
2025-06-04,"6,939,766","416,698,575","19,683,830","17,455,936.68","222,950,998"
2025-06-03,"6,212,282","356,029,228","-14,346,340","17,481,310.32","221,857,705"
2025-06-02,"6,799,184","357,964,491","-48,426,810","16,283,285.59","221,528,741"
2025-05-29,"7,561,868","480,476,847","-20,480,700","17,266,087.92","221,181,413"
2025-05-28,"5,670,506","332,260,752","635,940","17,417,323.76","220,246,356"
2025-05-27,"5,893,760","319,554,934","-11,891,990","17,256,620.34","220,599,614"
2025-05-26,"5,330,804","303,248,571","12,222,530","17,418,807.24","220,657,750"
2025-05-23,"5,316,070","313,775,509","-2,148,990","17,189,090.27","219,546,355"
2025-05-22,"5,976,457","303,639,249","1,178,390","18,119,787.12","220,045,068"
2025-05-21,"5,594,779","304,825,349","28,372,230","17,892,275.19","217,856,446"
2025-05-20,"5,030,140","281,060,270","4,103,490","17,688,722.19","217,435,458"
2025-05-19,"6,118,958","336,411,887","-12,074,270","17,176,124.01","216,535,926"
2025-05-16,"6,558,510","349,825,446","15,477,850","17,704,150.63","216,410,512"
2025-05-15,"6,398,847","352,701,130","7,747,020","18,125,663.20","213,312,461"
2025-05-14,"6,994,105","435,325,777","43,419,500","17,838,969.25","212,011,750"
2025-05-13,"6,807,098","414,876,050","14,333,030","17,023,505.79","210,508,471"
2025-05-12,"5,246,162","286,880,121","16,297,510","16,652,869.61","210,111,994"
2025-05-09,"5,297,103","303,145,142","22,288,380","15,815,088.62","209,817,781"
2025-05-08,"4,516,660","255,842,394","1,247,260","15,541,765.50","209,567,416"
2025-05-07,"5,075,266","276,452,299","11,248,760","15,374,401.78","209,439,756"
2025-05-06,"5,768,063","314,921,423","14,492,420","14,276,302.57","209,482,846"
2025-05-05,"7,760,468","396,674,099","24,905,770","12,700,218.79","208,867,379"
2025-05-02,"5,955,569","339,534,825","38,773,890","12,220,198.73","209,350,024"
2025-04-30,"5,103,616","282,189,467","-1,304,120","11,457,088.34","209,669,664"
2025-04-29,"4,654,115","250,105,465","10,153,010","10,907,830.31","209,008,974"
2025-04-28,"3,948,682","222,995,069","6,085,660","10,772,941.10","208,154,193"
2025-04-25,"4,961,167","298,510,240","12,674,920","10,286,061.65","208,844,451"
2025-04-24,"4,358,134","248,994,902","-5,335,700","9,780,683.13","210,093,888"
2025-04-23,"5,314,940","275,548,700","25,402,550","9,224,825.82","210,393,071"
2025-04-22,"4,881,720","250,003,984","-5,726,390","8,653,059.69","210,931,695"
2025-04-21,"4,486,948","213,646,250","140,770","8,576,292.12","212,486,633"
2025-04-18,"3,792,878","201,639,077","-14,163,210","8,296,523.32","215,979,291"
2025-04-17,"4,599,431","257,584,164","-12,666,440","8,010,409.70","216,020,028"
2025-04-16,"5,216,346","296,550,497","-17,304,440","8,465,133.70","214,556,685"
2025-04-15,"5,242,983","305,561,723","768,230","7,796,125.55","213,994,817"
2025-04-14,"7,665,646","474,947,203","-13,224,590","6,953,795.14","212,803,656"
2025-04-11,"9,129,660","527,108,374","31,169,890","5,089,004.75","213,955,980"
2025-04-10,"5,329,120","208,504,485","-6,732,240","4,256,366.35","222,431,586"
2025-04-09,"12,614,257","590,040,522","-28,320,310","4,441,026.94","223,774,825"
2025-04-08,"12,393,863","577,950,957","-33,510,010","4,810,000.47","256,744,362"
2025-04-07,"5,683,302","166,095,041","12,710,090","8,688,671.94","285,225,570"
2025-04-02,"4,985,282","240,146,859","-1,306,260","7,290,135.29","298,816,467"
2025-04-01,"5,826,078","278,254,400","-5,152,270","7,487,864.67","298,957,983"
2025-03-31,"8,683,910","437,475,392","-31,672,980","7,727,753.34","300,312,922"
2025-03-28,"6,814,236","327,112,874","-29,605,990","7,670,311.35","316,022,422"
2025-03-27,"5,608,186","279,802,802","-35,642,370","7,488,830.44","321,121,612"
2025-03-26,"4,406,501","223,198,487","-53,610","7,182,690.14","321,865,442"
2025-03-25,"4,993,587","256,973,561","6,072,160","7,050,366.29","322,275,801"
2025-03-24,"5,021,528","251,044,538","-10,181,200","7,057,320.20","323,759,132"
2025-03-21,"6,429,617","333,354,118","-16,255,280","7,235,194.10","324,119,474"
2025-03-20,"5,714,382","278,247,603","21,399,040","10,256,021.90","324,238,426"
2025-03-19,"6,087,757","316,992,611","-32,502,290","11,276,724.94","324,290,087"
2025-03-18,"5,824,074","282,886,860","-4,309,370","12,827,721.40","324,691,148"
2025-03-17,"6,360,352","310,401,135","-7,425,360","12,956,943.11","325,360,733"
2025-03-14,"7,243,124","348,283,533","-10,600,620","13,850,036.96","325,694,533"
2025-03-13,"7,430,996","378,659,811","-20,294,410","14,765,717.37","326,414,581"
2025-03-12,"6,682,514","350,646,223","-15,166,650","15,081,456.73","327,694,493"
2025-03-11,"8,053,156","428,932,802","-42,759,090","15,239,708.09","325,806,691"
2025-03-10,"6,345,999","354,962,067","-25,518,660","17,184,272.92","327,246,302"
2025-03-07,"6,465,829","367,291,980","-25,388,250","18,142,518.63","327,851,463"
2025-03-06,"6,624,545","360,345,720","-24,534,530","19,217,969.13","328,609,499"
2025-03-05,"7,220,068","369,732,472","-12,522,570","19,571,457.20","328,033,352"
2025-03-04,"7,667,305","415,745,130","-48,460,300","18,918,374.84","326,111,501"
2025-03-03,"7,315,722","439,596,984","-48,067,670","19,316,057.85","324,050,396"
2025-02-27,"8,994,191","549,961,479","-40,656,780","21,929,123.36","324,283,915"
2025-02-26,"6,886,556","383,306,082","-1,555,620","23,155,612.83","325,413,294"
2025-02-25,"7,531,906","412,097,170","-45,959,520","23,202,660.89","324,483,022"
2025-02-24,"7,075,015","373,514,736","-17,220,620","24,731,506.04","323,434,570"
2025-02-21,"7,160,637","400,289,543","15,614,720","25,061,155.31","321,783,865"
2025-02-20,"7,049,129","391,059,983","-14,171,570","24,885,831.39","321,311,666"
2025-02-19,"7,287,234","389,633,272","-1,226,020","25,355,358.83","319,292,844"
2025-02-18,"6,663,218","339,491,493","7,875,120","25,252,532.39","316,399,036"
2025-02-17,"7,348,992","371,896,633","23,908,510","24,480,672.86","314,922,833"
2025-02-14,"7,543,572","415,069,809","-20,847,770","23,690,338.09","313,574,044"
2025-02-13,"7,333,190","386,860,774","-217,330","23,722,085.94","313,023,678"
2025-02-12,"6,224,128","378,582,968","2,102,180","23,725,009.98","311,523,857"
2025-02-11,"5,923,166","355,049,928","9,137,490","23,614,760.49","309,154,271"
2025-02-10,"5,799,480","334,793,847","-17,183,380","22,307,662.28","308,721,920"
2025-02-07,"5,980,328","362,285,982","13,238,370","22,832,376.54","306,034,473"
2025-02-06,"5,581,052","341,201,513","3,141,690","21,990,889.03","305,934,753"
2025-02-05,"5,984,578","358,769,679","24,842,680","20,743,300.75","305,601,146"
2025-02-04,"6,940,459","422,445,543","-12,966,900","18,829,683.72","305,710,045"
2025-02-03,"7,689,151","525,040,931","-68,357,410","20,417,932.80","305,187,136"
2025-01-22,"5,160,999","357,689,238","13,020,140","20,718,478.70","304,990,014"
2025-01-21,"4,315,813","262,317,819","313,200","21,169,286.79","307,774,487"
2025-01-20,"5,022,728","279,923,971","9,332,010","21,468,564.38","309,018,640"
2025-01-17,"5,442,058","328,202,713","14,075,170","21,414,540.99","309,772,569"
2025-01-16,"5,748,443","342,212,868","26,385,830","21,734,234.16","312,466,294"
2025-01-15,"5,200,875","301,546,910","-27,380,980","20,695,098.97","314,732,891"
2025-01-14,"5,077,382","281,221,487","-11,489,610","20,698,738.84","314,958,667"
2025-01-13,"7,967,679","461,468,820","-47,103,770","20,804,854.08","315,534,811"
2025-01-10,"6,018,777","342,751,185","-15,096,060","23,098,326.44","323,066,229"
2025-01-09,"6,729,365","393,066,234","-24,440,260","23,616,338.33","325,643,687"
2025-01-08,"6,069,785","371,279,269","-15,626,780","24,524,976.43","330,129,514"
2025-01-07,"7,417,093","439,064,706","9,448,940","24,495,523.66","329,173,460"
2025-01-06,"7,153,019","423,854,591","48,623,590","23,901,201.59","329,747,315"
2025-01-03,"6,197,928","337,042,271","8,929,150","24,393,843.71","327,869,937"
2025-01-02,"6,901,476","379,129,283","-25,770,960","24,796,468.67","329,543,807"
2024-12-31,"5,527,015","273,480,515","-18,020,400","25,558,105.99","327,575,112"
2024-12-30,"5,188,922","274,794,064","-6,712,950","25,598,614.10","326,441,018"
2024-12-27,"5,282,782","292,616,349","4,249,940","25,917,585.61","325,477,253"
2024-12-26,"5,748,734","306,847,345","3,265,600","26,301,190.60","326,328,530"
2024-12-25,"5,918,131","310,444,641","10,319,850","26,424,049.11","324,809,147"
2024-12-24,"6,550,529","347,257,591","11,313,730","25,462,133.83","323,230,685"
2024-12-23,"6,879,560","361,211,114","35,882,220","25,422,858.68","323,358,374"
2024-12-20,"8,492,203","479,604,508","-43,231,460","24,651,145.32","324,670,318"
2024-12-19,"7,634,774","422,126,123","-29,532,610","24,637,136.38","323,617,353"
2024-12-18,"7,096,609","411,463,787","10,576,070","25,523,302.57","322,704,798"
2024-12-17,"7,111,819","410,745,816","2,466,320","25,606,584.62","320,886,567"
2024-12-16,"6,906,349","422,293,280","17,331,560","25,232,724.13","320,204,764"
2024-12-13,"6,829,297","355,185,043","-2,550,310","25,308,436.80","324,164,354"
2024-12-12,"6,832,459","361,573,943","-840,440","24,936,702.88","327,707,322"
2024-12-11,"6,353,873","339,359,773","-16,031,690","24,541,760.98","327,759,838"
2024-12-10,"6,780,099","356,364,627","-7,282,200","24,062,956.62","328,048,339"
2024-12-09,"6,787,692","369,738,050","4,273,830","24,623,947.30","330,172,749"
2024-12-06,"6,678,931","370,462,134","1,240,180","24,484,174.44","328,557,734"
2024-12-05,"6,865,840","385,870,250","1,702,840","25,166,985.93","328,095,552"
2024-12-04,"7,115,251","367,010,903","23,141,630","24,415,136.19","325,445,363"
2024-12-03,"8,437,009","404,254,973","18,628,150","23,475,577.52","324,153,588"
2024-12-02,"6,539,080","319,505,000","15,464,830","23,193,677.15","323,601,471"
2024-11-29,"6,121,271","315,469,664","-25,817,340","22,103,973.25","322,530,203"
2024-11-28,"6,876,239","334,110,155","-7,156,100","21,462,501.70","320,172,537"
2024-11-27,"7,465,837","383,216,700","-35,764,410","22,444,548.13","324,783,934"
2024-11-26,"6,587,493","318,042,672","-26,938,190","22,997,171.65","327,107,468"
2024-11-25,"9,016,499","483,184,447","6,621,770","23,470,482.79","326,737,650"
2024-11-22,"7,592,870","356,834,142","8,184,010","23,099,268.86","325,025,883"
2024-11-21,"6,888,868","356,854,804","-23,371,830","22,556,477.97","324,387,606"
2024-11-20,"7,304,592","386,906,471","-30,062,870","22,879,776.45","322,707,221"
2024-11-19,"7,496,707","361,591,033","11,631,720","22,718,067.76","322,822,469"
2024-11-18,"7,378,710","357,345,166","-8,135,650","21,258,796.07","321,930,169"
2024-11-15,"7,887,946","418,186,594","6,339,480","22,456,909.93","326,051,671"
2024-11-14,"8,159,633","411,560,285","-20,621,150","23,178,732","326,045,496"
2024-11-13,"7,454,299","391,009,231","-39,907,390","22,980,483.44","327,772,480"
2024-11-12,"8,798,515","451,592,984","-43,188,810","23,308,419.94","326,533,679"
2024-11-11,"7,157,746","364,692,596","1,070,450","23,816,963.70","328,850,933"
2024-11-08,"8,522,966","431,921,730","678,470","23,908,277.79","328,677,497"
2024-11-07,"8,714,755","433,104,923","5,174,150","23,862,166.44","329,914,462"
2024-11-06,"8,013,368","409,279,637","177,280","22,785,237.57","327,205,349"
2024-11-05,"6,504,125","335,010,346","9,771,640","22,456,070.56","326,564,786"
2024-11-04,"6,638,863","318,016,029","-1,292,440","21,067,160","326,831,775"
2024-11-01,"8,015,830","426,473,843","-17,509,190","20,376,378.16","325,834,706"
2024-10-30,"6,385,074","339,523,204","-2,013,570","20,212,945.43","325,848,598"
2024-10-29,"7,002,228","351,602,688","-22,888,820","19,227,846.54","324,572,308"
2024-10-28,"6,484,900","335,599,574","8,566,180","20,330,703.28","325,668,915"
2024-10-25,"5,949,900","307,350,881","17,312,780","20,816,025.31","326,961,559"
2024-10-24,"7,053,500","376,618,010","-3,641,960","20,600,464.25","326,043,754"
2024-10-23,"6,840,533","342,072,638","-6,415,330","21,781,199.42","327,082,648"
2024-10-22,"7,397,918","384,278,534","8,504,320","21,248,659.70","325,455,253"
2024-10-21,"7,090,579","364,953,392","20,706,460","20,830,301.17","323,009,172"
2024-10-18,"8,681,228","500,413,372","52,185,000","20,309,740.87","322,282,077"
2024-10-17,"7,296,757","381,898,807","-3,798,740","20,826,517.56","324,936,607"
2024-10-16,"8,256,820","427,652,519","-30,521,230","20,061,530.96","322,938,236"
2024-10-15,"8,377,162","428,438,170","31,717,930","20,029,807.79","320,019,575"
2024-10-14,"6,998,458","322,773,458","-1,322,050","19,806,691.74","319,539,948"
2024-10-11,"7,292,297","363,069,518","21,734,490","19,074,071.97","319,102,025"
2024-10-09,"8,833,974","419,179,966","14,511,540","18,935,693.62","319,321,854"
2024-10-08,"9,567,321","386,989,753","-22,965,660","19,032,865.03","320,397,965"
2024-10-07,"9,016,648","388,113,002","6,261,360","19,409,328.90","318,935,873"
2024-10-04,"9,601,367","415,781,579","-23,437,830","18,756,546.83","317,287,794"
2024-10-01,"6,546,005","286,364,609","-5,898,000","19,652,072.23","317,042,572"
2024-09-30,"9,221,061","405,377,235","-37,370,300","19,735,093.43","316,576,056"
2024-09-27,"9,742,471","434,889,112","22,658,690","21,002,870.66","313,272,604"
2024-09-26,"9,160,464","447,924,541","19,496,910","20,768,907.53","313,195,882"
2024-09-25,"9,143,783","448,110,436","33,011,960","20,793,392.94","314,113,921"
2024-09-24,"7,862,076","353,303,161","10,545,710","20,001,504.32","313,757,764"
2024-09-23,"7,121,310","306,121,434","11,268,910","20,128,069.43","312,767,216"
2024-09-20,"9,689,069","476,488,708","22,806,610","20,046,033.36","312,311,751"
2024-09-19,"7,947,109","334,960,074","27,068,780","19,397,014.87","313,550,801"
2024-09-18,"7,979,840","337,206,805","-12,070,950","18,916,017.92","313,122,707"
2024-09-16,"6,105,105","236,053,985","-792,730","18,882,445.61","312,272,835"
2024-09-13,"6,059,733","253,862,975","3,994,780","18,389,443.31","311,140,460"
2024-09-12,"7,930,915","316,428,965","36,322,300","18,003,773.15","309,706,609"
2024-09-11,"6,710,882","239,433,411","-6,737,950","17,003,400.21","309,173,005"
2024-09-10,"7,275,918","335,093,973","-23,403,820","16,804,405.53","309,023,332"
2024-09-09,"7,793,314","309,980,322","-45,869,850","16,296,743.51","310,998,129"
2024-09-06,"6,584,784","276,516,909","1,747,430","16,653,840.07","309,619,473"
2024-09-05,"7,964,799","330,738,364","-22,975,000","16,998,415.53","310,139,829"
2024-09-04,"11,157,824","509,078,304","-89,533,290","16,235,116.29","309,735,143"
2024-09-03,"6,837,468","300,124,845","-4,740,690","18,415,413.84","313,696,428"
2024-09-02,"6,791,049","294,961,325","-12,001,640","18,410,600.28","313,261,560"
2024-08-30,"8,361,576","419,825,431","-4,577,840","18,964,012.90","312,253,485"
2024-08-29,"7,478,271","342,220,055","-22,448,280","19,010,797.48","311,020,596"
2024-08-28,"7,088,221","316,573,071","-10,486,630","19,055,313.98","307,733,658"
2024-08-27,"7,336,667","293,824,013","-11,770,250","19,019,226.99","305,042,854"
2024-08-26,"9,295,320","352,679,143","-3,767,500","18,798,802.45","302,464,712"
2024-08-23,"8,158,257","314,491,168","-503,920","19,117,383.92","300,682,607"
2024-08-22,"6,485,403","298,612,919","-5,353,270","18,938,620.84","297,607,949"
2024-08-21,"8,078,459","345,385,927","-4,379,330","18,916,196.44","297,064,799"
2024-08-20,"7,843,839","359,348,617","4,560,820","19,345,285.07","295,625,854"
2024-08-19,"7,101,238","325,702,937","-3,312,470","18,668,118.99","295,418,617"
2024-08-16,"8,235,886","427,858,579","44,453,300","18,298,025.93","293,361,035"
2024-08-15,"7,292,001","330,867,198","-252,890","17,314,882.05","293,476,780"
2024-08-14,"8,374,999","418,636,087","23,242,310","16,639,803.28","292,831,503"
2024-08-13,"7,153,087","349,355,948","-4,169,000","16,061,593.70","293,914,961"
2024-08-12,"8,103,860","391,314,829","17,199,820","15,196,641.43","293,030,367"
2024-08-09,"9,145,607","466,095,264","24,349,140","14,732,102.94","294,958,954"
2024-08-08,"8,112,423","413,865,386","-40,629,250","13,107,776.93","293,751,464"
2024-08-07,"9,430,851","453,978,111","-4,230,240","12,389,611.49","291,654,137"
2024-08-06,"13,253,199","652,466,358","26,858,880","10,061,935.93","291,260,904"
2024-08-05,"15,669,316","668,505,638","-62,605,200","13,262,923.45","307,568,331"
2024-08-02,"11,661,822","542,966,445","-83,608,420","14,433,645.84","325,855,465"
2024-08-01,"9,587,317","442,202,581","17,789,040","15,808,528.14","329,197,935"
2024-07-31,"8,511,323","388,274,808","-15,927,100","14,149,969.79","328,853,491"
2024-07-30,"8,965,809","394,249,670","-21,672,330","12,882,397.05","325,946,102"
2024-07-29,"8,828,797","409,627,936","2,882,670","13,092,273.99","325,475,004"
2024-07-26,"10,442,613","491,505,039","-75,631,550","12,203,587.17","331,849,415"
2024-07-23,"8,708,465","406,512,442","14,045,920","13,087,915.21","328,897,658"
2024-07-22,"11,952,430","570,149,905","-3,783,660","12,162,139.89","331,601,488"
2024-07-19,"11,316,053","565,751,930","-59,539,660","13,455,064.76","336,866,432"
2024-07-18,"11,780,624","605,715,890","-49,284,400","14,991,802.79","340,041,041"
2024-07-17,"11,672,877","560,005,332","-26,164,210","17,675,342.67","340,495,549"
2024-07-16,"9,715,661","479,941,588","-3,533,860","17,998,217.59","335,883,797"
2024-07-15,"10,191,840","474,646,573","-11,169,840","18,175,237.21","335,092,411"
2024-07-12,"12,595,197","601,127,982","-37,778,510","18,234,093.84","333,684,616"
2024-07-11,"11,951,313","576,692,933","1,874,800","19,138,564.66","334,542,119"
2024-07-10,"10,720,034","527,739,455","-9,864,230","18,844,738.52","331,985,335"
2024-07-09,"12,440,604","609,904,319","-14,888,360","18,133,579.61","328,711,597"
2024-07-08,"11,657,426","567,257,480","-6,708,570","18,622,595.52","330,250,084"
2024-07-05,"10,664,306","495,237,802","-5,824,190","19,181,507","329,014,812"
2024-07-04,"11,530,961","549,900,525","33,844,250","18,492,604.88","326,590,178"
2024-07-03,"11,022,883","504,423,691","9,713,440","18,110,915.34","325,382,912"
2024-07-02,"10,730,848","491,160,009","-22,314,890","18,183,890.22","321,957,358"
2024-07-01,"9,519,820","435,755,556","-8,137,740","18,191,403.36","320,183,333"
2024-06-28,"9,156,285","448,495,879","8,511,420","19,245,286.41","317,993,692"
2024-06-27,"9,517,113","450,364,308","-14,387,500","19,487,844.69","317,982,945"
2024-06-26,"9,402,611","472,923,024","-8,922,490","19,983,455.17","317,565,136"
2024-06-25,"9,415,655","482,212,396","-9,940,500","19,300,200.21","317,177,342"
2024-06-24,"10,868,484","517,307,537","-41,157,970","20,233,524.06","315,217,996"
2024-06-21,"12,435,288","651,002,530","-14,687,870","22,327,821.69","315,207,621"
2024-06-20,"10,071,394","521,990,011","22,745,980","23,215,443.44","311,708,725"
2024-06-19,"11,548,968","618,363,344","43,505,360","22,459,456.50","309,452,784"
2024-06-18,"9,626,522","469,258,839","17,044,890","23,330,445.74","308,114,023"
2024-06-17,"9,540,532","454,031,893","-14,037,380","23,631,265.46","307,628,696"
2024-06-14,"9,573,063","508,593,118","20,034,360","23,641,469.02","306,531,783"
2024-06-13,"10,063,123","528,533,457","28,177,930","22,353,365.09","304,361,363"
2024-06-12,"8,993,663","457,354,276","16,924,440","20,374,238.60","303,614,391"
2024-06-11,"10,336,042","518,161,963","-29,287,380","20,795,806.94","303,408,228"
2024-06-07,"9,413,696","460,900,524","-8,668,390","20,733,070.93","304,633,093"
2024-06-06,"9,720,110","486,494,573","20,562,930","19,844,782.77","303,619,654"
2024-06-05,"8,309,415","411,457,331","-16,630,950","20,496,932.73","302,355,018"
2024-06-04,"9,533,375","454,297,592","-17,470,020","20,686,906.50","300,628,955"
2024-06-03,"9,227,882","440,315,381","4,440,360","21,555,457.04","301,237,821"
2024-05-31,"11,881,955","690,057,362","-30,219,900","20,886,692.59","299,532,567"
2024-05-30,"9,367,769","431,114,138","-40,080,840","21,941,457.93","299,032,337"
2024-05-29,"10,075,066","492,767,712","-24,823,710","22,256,515.87","298,691,555"
2024-05-28,"9,828,428","485,154,993","-1,111,990","22,330,824.09","298,557,388"
2024-05-27,"10,249,255","503,455,304","2,564,220","22,292,055.74","298,574,843"
2024-05-24,"8,654,957","424,406,715","7,136,540","21,671,495.02","293,822,343"
2024-05-23,"10,342,069","519,881,943","16,889,210","21,425,023.08","291,610,473"
2024-05-22,"9,892,255","449,048,297","30,010,170","21,267,423.25","291,609,298"
2024-05-21,"8,349,241","379,494,867","-1,754,870","20,573,150.15","290,441,319"
2024-05-20,"9,698,206","451,218,925","-5,025,890","20,291,192.99","290,049,785"
2024-05-17,"9,381,134","423,552,482","4,310,910","20,175,002.59","290,847,960"
2024-05-16,"10,676,029","536,611,980","46,781,670","20,075,770.23","289,973,977"
2024-05-15,"10,020,867","499,211,247","26,565,680","19,039,701.21","289,642,159"
2024-05-14,"9,083,268","476,611,123","21,074,300","18,515,389.06","290,846,382"
2024-05-13,"9,004,389","434,965,318","15,993,670","17,225,835.47","289,574,837"
2024-05-10,"9,484,962","443,049,417","15,534,410","17,027,133.25","291,968,216"
2024-05-09,"8,462,569","425,408,050","-20,388,140","16,974,064.45","289,983,064"
2024-05-08,"8,266,990","426,258,565","2,512,030","17,074,258.71","290,417,828"
2024-05-07,"8,310,364","412,922,087","5,982,960","15,751,605.96","289,186,664"
2024-05-06,"8,531,380","419,541,187","21,238,130","15,631,302.79","289,184,522"
2024-05-03,"8,493,343","411,537,853","16,262,380","15,234,429.45","287,756,411"
2024-05-02,"8,406,070","400,064,121","-16,746,900","14,991,945.04","287,091,030"
2024-04-30,"7,574,611","364,587,705","1,898,020","14,868,237.83","283,890,973"
2024-04-29,"10,073,768","428,735,619","32,010,860","13,973,832.23","282,639,311"
2024-04-26,"8,712,330","426,315,911","19,940,610","13,684,416.21","281,954,935"
2024-04-25,"7,577,774","366,755,232","-23,544,430","12,726,387.61","280,494,003"
2024-04-24,"9,111,612","434,267,083","28,438,940","12,110,431.64","279,213,822"
2024-04-23,"7,253,946","351,094,221","1,538,350","10,259,046.90","277,097,621"
2024-04-22,"10,228,829","492,250,264","-10,281,820","10,113,575.50","277,592,877"
2024-04-19,"14,220,809","724,481,123","-78,075,280","9,878,254.11","282,037,111"
2024-04-18,"8,879,764","455,537,288","-6,464,680","11,487,150.87","285,642,609"
2024-04-17,"7,877,446","412,229,222","-20,571,060","10,192,910.19","283,729,847"
2024-04-16,"11,746,011","548,979,545","-32,812,960","8,653,205.11","279,599,859"
2024-04-15,"9,618,574","488,488,858","-24,683,340","10,106,780.94","285,703,595"
2024-04-12,"8,851,979","489,457,153","-6,134,180","11,454,937.29","286,582,660"
2024-04-11,"8,914,560","451,009,469","-2,341,370","10,681,580.50","284,108,496"
2024-04-10,"8,716,653","435,318,171","-409,520","10,708,529.53","284,238,447"
2024-04-09,"9,050,814","452,897,148","21,854,370","10,553,781.11","284,596,762"
2024-04-08,"7,833,324","415,911,444","-8,857,390","10,600,407.34","283,664,720"
2024-04-03,"7,343,173","384,494,497","-15,499,490","11,620,753.14","282,880,501"
2024-04-02,"8,095,952","417,708,529","8,630,820","13,185,945.25","281,265,696"
2024-04-01,"8,434,260","365,477,407","-1,349,440","12,728,586.21","279,107,539"
2024-03-29,"8,501,295","483,267,779","-2,508,370","12,748,358.38","276,822,010"
2024-03-28,"8,671,376","452,071,034","-24,180,500","10,118,796.13","280,891,191"
2024-03-27,"7,726,443","392,018,178","-6,619,680","9,654,075.50","279,423,806"
2024-03-26,"9,364,343","493,908,564","-6,316,080","10,253,460.89","276,395,122"
2024-03-25,"7,774,647","376,836,417","-8,757,260","10,426,768.80","279,508,015"
2024-03-22,"9,739,588","506,545,814","3,242,510","11,080,287.23","277,985,684"
2024-03-21,"9,714,309","494,379,415","15,770,520","13,140,040.13","277,077,501"
2024-03-20,"10,021,992","532,380,770","-23,674,740","14,168,785.65","273,262,861"
2024-03-19,"8,621,957","472,044,684","-22,426,370","15,691,967.10","272,006,801"
2024-03-18,"7,757,012","427,419,350","-8,689,370","17,020,182.67","269,745,664"
2024-03-15,"9,670,515","570,821,380","-9,938,450","17,797,421.82","266,198,701"
2024-03-14,"8,827,167","489,766,145","3,086,530","19,059,513.95","263,153,321"
2024-03-13,"9,706,968","552,352,937","7,393,400","19,790,323.23","263,637,637"
2024-03-12,"8,460,730","467,124,722","3,522,570","20,859,590.57","265,284,534"
2024-03-11,"7,833,500","414,340,922","-4,623,520","21,050,513.86","259,204,020"
2024-03-08,"10,441,231","589,536,537","37,049,210","21,712,671.71","255,485,945"
2024-03-07,"9,410,905","519,787,748","9,882,070","23,624,870.08","260,292,246"
2024-03-06,"8,275,991","424,946,730","-2,894,160","24,815,726.07","260,731,246"
2024-03-05,"8,130,039","434,737,914","5,594,210","25,632,400.59","259,427,370"
2024-03-04,"8,836,524","498,826,009","33,961,450","25,124,972.79","258,584,531"
2024-03-01,"7,573,187","408,887,917","10,804,040","25,039,248.11","257,180,111"
2024-02-29,"7,568,554","427,024,252","2,658,690","24,946,859.94","257,050,729"
2024-02-27,"7,916,887","430,848,079","-10,620,330","23,712,424.15","254,711,190"
2024-02-26,"7,062,243","361,091,557","6,002,540","24,815,481.40","256,076,413"
2024-02-23,"7,868,781","452,654,013","27,743,530","24,795,530","253,636,821"
2024-02-22,"7,544,144","405,269,203","15,134,510","25,201,730.80","255,220,537"
2024-02-21,"7,279,039","348,877,496","-13,679,670","24,702,574.69","254,128,306"
2024-02-20,"7,064,550","359,813,377","4,631,150","24,854,294.98","252,605,268"
2024-02-19,"7,707,547","375,165,893","-10,026,490","25,255,345.88","250,961,873"
2024-02-16,"7,844,208","416,487,094","709,790","25,971,938.39","247,787,763"
2024-02-15,"8,401,984","515,463,516","49,225,210","25,593,343.55","245,573,802"
2024-02-05,"5,578,682","324,859,121","-5,475,580","25,164,889.77","244,539,266"
2024-02-02,"5,660,501","334,717,306","15,462,290","25,871,048.40","246,644,806"
2024-02-01,"5,865,757","312,760,860","22,792,650","25,713,704.51","246,789,368"
2024-01-31,"5,498,408","278,056,673","-11,705,240","25,936,325.42","247,990,488"
2024-01-30,"5,885,319","296,795,331","1,201,470","26,942,312.54","247,968,556"
2024-01-29,"5,297,437","230,462,809","9,520,580","26,574,395.64","247,456,105"
2024-01-26,"5,484,262","260,448,297","4,854,440","26,131,218.86","247,462,895"
2024-01-25,"6,194,925","305,139,066","23,688,990","26,746,960.32","248,578,207"
2024-01-24,"6,085,817","271,791,200","868,660","26,943,393.34","249,435,412"
2024-01-23,"6,799,686","313,984,912","7,355,940","27,103,308.41","247,186,801"
2024-01-22,"7,440,321","412,915,752","35,895,670","26,785,937.65","246,311,316"
2024-01-19,"7,366,926","438,685,377","78,495,340","25,386,476.10","246,672,428"
2024-01-18,"6,362,222","280,724,326","-7,669,520","24,680,857.15","247,038,390"
2024-01-17,"8,135,054","391,777,975","-71,347,360","25,303,188.42","247,860,923"
2024-01-16,"7,003,194","315,174,625","-40,962,260","26,367,637.72","247,524,515"
2024-01-15,"5,999,846","290,072,856","-7,003,810","26,850,200.83","245,868,197"
2024-01-12,"5,783,781","283,832,519","3,244,740","26,135,571.48","243,706,585"
2024-01-11,"6,087,970","307,662,933","4,310,140","26,081,399.73","244,054,875"
2024-01-10,"5,764,346","258,068,344","-1,813,840","25,160,121.42","244,563,783"
2024-01-09,"6,232,655","299,756,126","-735,180","24,956,553.13","245,574,757"
2024-01-08,"6,306,940","262,720,464","3,382,160","25,001,017.70","248,150,571"
2024-01-05,"6,072,525","269,883,354","-3,107,800","24,837,085.30","248,996,724"
2024-01-04,"6,326,304","282,564,085","-1,673,210","24,038,855.10","249,729,179"
2024-01-03,"6,563,816","310,243,953","-19,086,240","23,911,945.51","249,224,908"
2024-01-02,"6,411,778","301,290,668","2,759,470","24,223,348.71","248,424,271"
2023-12-29,"5,813,967","272,169,082","10,698,890","24,405,585.65","248,014,237"
2023-12-28,"6,580,845","289,840,477","17,730,530","24,663,571.76","247,699,426"
2023-12-27,"6,800,409","299,924,290","31,954,060","24,911,136.27","247,425,042"
2023-12-26,"5,536,355","229,703,131","15,889,370","24,733,370.59","246,630,728"
2023-12-25,"5,771,072","242,779,733","-1,671,980","24,598,630.36","245,845,023"
2023-12-22,"6,878,372","291,856,733","5,166,070","24,934,208.04","245,369,148"
2023-12-21,"7,391,178","328,758,391","-2,322,000","24,478,669.25","245,021,248"
2023-12-20,"7,112,769","339,894,621","22,840,260","24,587,545.59","245,705,848"
2023-12-19,"7,179,470","325,889,863","285,820","23,990,637.58","243,619,105"
2023-12-18,"7,531,216","326,657,892","1,144,990","24,695,706.06","244,382,804"
2023-12-15,"9,256,588","448,437,036","19,209,070","25,190,145.03","241,487,642"
2023-12-14,"8,512,618","389,879,113","30,014,740","26,249,911.64","242,326,205"
2023-12-13,"7,022,597","320,263,226","3,806,870","25,772,360.92","241,477,489"
2023-12-12,"6,593,662","320,448,215","9,270,550","25,444,143.69","240,712,461"
2023-12-11,"6,178,381","291,528,105","1,630,600","24,844,214.50","240,463,075"
2023-12-08,"6,460,484","313,383,854","13,742,020","25,534,567.41","238,811,457"
2023-12-07,"6,960,938","303,911,947","-3,942,010","24,975,414.23","238,114,292"
2023-12-06,"6,495,028","300,589,295","223,720","25,054,178.43","238,487,591"
2023-12-05,"7,011,018","320,615,909","-9,051,730","24,845,333.30","237,752,917"
2023-12-04,"7,455,122","329,712,758","-4,948,700","25,600,774.82","237,793,287"
2023-12-01,"6,449,439","303,354,416","1,811,170","25,875,335.56","237,394,547"
2023-11-30,"7,348,343","414,403,843","6,785,820","25,336,043.63","236,653,747"
2023-11-29,"7,008,357","327,906,944","9,358,280","24,904,220.33","236,307,562"
2023-11-28,"6,327,225","298,325,812","19,891,800","24,140,350.15","234,706,979"
2023-11-27,"6,006,736","279,544,960","-5,710","23,350,106.68","233,049,750"
2023-11-24,"5,487,528","254,149,539","3,092,200","23,905,957.54","234,146,218"
2023-11-23,"6,100,401","287,184,034","1,446,270","23,929,062","233,245,876"
2023-11-22,"6,155,942","288,532,896","-6,818,430","24,929,750.86","232,811,277"
2023-11-21,"7,378,981","344,904,358","36,544,930","25,421,558.41","232,020,150"
2023-11-20,"6,131,870","283,573,272","8,751,460","25,681,016.41","231,768,847"
2023-11-17,"6,363,298","299,153,639","20,543,610","25,855,659.54","230,640,200"
2023-11-16,"6,383,755","291,324,446","18,020,120","24,477,189.70","228,868,828"
2023-11-15,"7,708,865","386,091,177","44,608,720","24,683,042.89","228,275,510"
2023-11-14,"5,471,883","278,372,643","9,784,370","24,131,212.71","228,486,671"
2023-11-13,"5,502,240","293,154,293","19,670,460","23,851,399.22","227,016,662"
2023-11-10,"4,635,094","235,562,520","-6,205,170","23,233,717.24","227,151,506"
2023-11-09,"5,081,119","249,469,794","-2,032,710","23,367,047.96","226,645,556"
2023-11-08,"5,597,358","279,552,337","2,114,860","23,763,607.29","226,134,896"
2023-11-07,"4,728,818","221,942,762","1,130,280","23,282,942.65","224,720,088"
2023-11-06,"5,913,939","275,881,120","15,957,940","22,812,143.47","224,439,012"
2023-11-03,"5,758,266","271,555,971","8,912,920","22,486,475.51","223,981,913"
2023-11-02,"5,467,497","268,135,473","14,550,100","21,564,585.53","224,758,199"
2023-11-01,"4,679,344","216,809,401","-5,254,620","19,649,687.69","223,980,372"
2023-10-31,"5,582,483","274,361,107","-14,325,020","20,017,465.51","223,458,771"
2023-10-30,"4,531,453","218,941,350","-5,744,870","21,025,027.39","226,305,923"
2023-10-27,"4,562,736","216,734,504","-8,580,700","20,126,155.48","226,270,503"
2023-10-26,"5,682,316","244,201,948","-23,895,410","20,228,042.04","226,932,201"
2023-10-25,"5,418,274","239,793,721","-7,347,440","20,990,423.41","226,921,736"
2023-10-24,"5,390,408","235,923,724","-11,912,700","20,266,683.71","225,879,890"
2023-10-23,"4,924,750","217,425,490","-10,944,600","19,987,101.36","225,259,776"
2023-10-20,"6,106,263","283,950,950","-5,282,550","19,632,848.99","226,011,815"
2023-10-19,"5,556,554","258,021,279","-11,403,170","20,190,277.26","226,653,107"
2023-10-18,"7,147,874","361,107,901","-5,128,230","20,696,045.53","225,736,832"
2023-10-17,"5,405,131","279,452,707","-2,996,910","22,926,636.70","228,196,049"
2023-10-16,"5,507,462","240,758,293","-13,957,500","22,444,787.29","228,926,505"
2023-10-13,"5,853,685","304,958,612","-5,650,370","23,093,022.74","229,015,871"
2023-10-12,"5,883,086","303,160,113","21,887,140","23,477,321.54","228,764,111"
2023-10-11,"6,743,900","375,688,470","22,029,250","22,442,768.63","228,594,092"
2023-10-06,"4,802,052","223,002,457","-3,486,460","23,408,926.58","231,914,555"
2023-10-05,"5,252,903","243,743,609","-1,385,390","23,492,384.76","232,127,773"
2023-10-04,"5,641,720","242,721,064","-24,084,810","22,786,574.83","230,869,278"
2023-10-03,"5,892,350","261,452,891","-14,313,480","23,504,235.29","231,304,480"
2023-10-02,"5,734,001","286,807,963","5,400,180","23,836,191.03","230,009,773"
2023-09-28,"5,113,712","267,191,678","-7,164,770","22,820,761.50","229,445,392"
2023-09-27,"4,601,829","219,293,258","-1,222,690","22,153,657.29","228,273,095"
2023-09-26,"5,184,686","239,781,075","-20,922,440","21,640,350.34","228,126,347"
2023-09-25,"4,790,555","217,367,838","-2,701,960","21,814,562.77","228,199,811"
2023-09-22,"5,214,709","241,559,833","-14,213,540","20,644,956.49","227,096,988"
2023-09-21,"6,133,771","283,997,214","-29,207,690","20,561,538.98","226,342,226"
2023-09-20,"5,988,536","284,352,574","-16,402,700","20,746,197.60","226,604,409"
2023-09-19,"5,645,206","283,527,298","-11,157,850","21,699,517.12","226,198,880"
2023-09-18,"6,078,273","285,640,373","-21,849,360","22,137,789.10","225,804,055"
2023-09-15,"8,158,060","405,252,257","9,537,000","22,898,015.38","223,415,135"
2023-09-14,"6,359,872","287,879,491","17,763,320","22,522,449.81","222,172,873"
2023-09-13,"5,515,375","257,156,739","-1,407,630","21,351,246.88","221,264,883"
2023-09-12,"5,408,148","252,089,526","8,049,580","21,033,833.23","219,799,886"
2023-09-11,"6,051,740","289,197,153","-10,074,780","21,287,859.66","220,826,256"
2023-09-08,"5,107,734","231,221,477","-13,152,440","23,043,317.58","223,708,098"
2023-09-07,"5,529,953","242,647,259","-16,943,600","23,301,170.69","223,658,285"
2023-09-06,"6,167,718","276,652,928","-6,530,210","23,211,344.96","222,705,707"
2023-09-05,"5,389,791","253,114,050","1,866,690","22,828,778.17","221,927,290"
2023-09-04,"5,493,751","236,792,637","1,087,760","22,744,582.75","219,908,905"
2023-09-01,"5,858,177","285,881,904","-7,474,880","22,859,465.02","219,345,067"
2023-08-31,"6,337,598","360,264,848","-5,056,610","23,647,191.93","219,385,248"
2023-08-30,"5,783,468","284,810,372","7,150,110","23,660,360.85","217,629,337"
2023-08-29,"5,029,684","253,647,729","4,411,830","23,134,081.52","216,477,378"
2023-08-28,"5,650,625","283,265,301","-1,821,150","22,169,801.08","216,013,073"
2023-08-25,"6,149,183","328,040,732","-30,640,660","22,515,682.02","216,403,917"
2023-08-24,"7,596,547","451,206,212","11,407,010","23,712,901.55","215,117,332"
2023-08-23,"5,531,007","294,236,734","6,114,080","23,735,548.40","215,978,895"
2023-08-22,"5,428,567","310,261,433","6,157,080","23,034,323.65","215,728,781"
2023-08-21,"5,426,098","267,169,264","8,546,850","21,871,728.67","216,417,602"
2023-08-18,"7,246,690","386,686,419","-17,488,710","22,327,784.20","216,306,182"
2023-08-17,"7,125,689","386,625,652","-15,457,630","23,071,451.94","218,356,038"
2023-08-16,"6,459,109","332,691,807","-13,354,170","22,343,486.56","216,706,091"
2023-08-15,"5,959,257","299,140,094","249,100","21,202,128.24","214,891,264"
2023-08-14,"7,357,665","329,602,997","-13,651,820","19,719,614.21","214,694,153"
2023-08-11,"5,629,266","295,612,942","-1,593,410","20,167,780.26","218,428,193"
2023-08-10,"7,182,123","354,409,765","-8,299,630","20,218,451.04","219,889,088"
2023-08-09,"5,957,436","332,911,919","3,758,140","22,039,469.61","225,452,960"
2023-08-08,"6,750,517","379,273,468","-16,250,190","21,040,550.61","225,860,740"
2023-08-07,"6,264,641","328,128,942","-2,255,200","20,458,371.95","225,559,048"
2023-08-04,"7,314,773","374,459,881","-9,298,020","18,206,196.57","222,303,892"
2023-08-02,"9,190,407","458,942,053","-16,654,140","19,227,969.27","220,305,572"
2023-08-01,"7,063,479","388,596,692","8,438,310","20,172,710.59","224,265,928"
2023-07-31,"9,128,395","492,274,761","-8,166,540","23,536,541.16","223,228,346"
2023-07-28,"7,744,942","385,595,469","705,790","23,452,172.12","224,192,229"
2023-07-27,"7,599,016","355,366,143","9,519,800","23,283,948.48","222,308,480"
2023-07-26,"7,110,367","369,539,371","2,245,500","23,712,640.89","221,230,366"
2023-07-25,"7,371,305","429,418,810","8,201,630","24,933,042.55","220,933,883"
2023-07-24,"7,182,357","410,025,080","-19,851,190","24,974,798.01","221,086,966"
2023-07-21,"7,694,988","439,805,894","-28,692,710","25,200,038.67","217,757,631"
2023-07-20,"6,313,982","320,441,248","-5,669,920","25,076,978.37","215,706,314"
2023-07-19,"8,084,533","433,629,151","-406,000","24,568,891.57","213,320,841"
2023-07-18,"9,775,425","493,821,366","-7,466,600","24,595,138.82","212,775,395"
2023-07-17,"8,368,565","394,857,432","2,484,660","24,618,488.15","211,193,373"
2023-07-14,"8,343,133","429,307,830","9,174,220","23,891,138.80","208,524,763"
2023-07-13,"9,286,862","471,301,138","16,985,970","23,570,407.58","203,681,473"
2023-07-12,"7,334,366","353,979,352","-6,488,760","22,856,518.08","204,662,496"
2023-07-11,"6,961,862","319,945,844","14,763,390","21,809,959.11","203,225,727"
2023-07-10,"6,154,372","272,429,380","-13,483,380","21,150,303.52","202,690,030"
2023-07-07,"6,849,714","310,143,532","-20,651,350","21,308,143.79","202,133,089"
2023-07-06,"7,884,657","354,495,894","-35,786,660","21,888,739.16","201,519,796"
2023-07-05,"7,276,803","342,355,262","-12,033,560","22,062,887.23","200,919,446"
2023-07-04,"7,951,802","382,879,549","-1,656,240","23,207,991.75","199,156,773"
2023-07-03,"7,397,864","343,298,643","5,173,680","21,465,530.06","196,599,121"
2023-06-30,"6,671,810","313,162,137","-9,178,760","19,958,874.29","194,355,483"
2023-06-29,"6,173,036","273,567,577","-4,950,980","18,795,673.23","192,816,070"
2023-06-28,"5,940,529","265,292,692","-9,052,520","18,678,669.08","192,361,945"
2023-06-27,"6,665,715","300,267,986","-10,599,350","18,442,451.13","191,582,144"
2023-06-26,"6,663,091","304,113,691","-23,695,190","20,490,738.92","194,209,256"
2023-06-21,"6,883,193","330,846,939","-971,270","20,500,087.71","193,903,233"
2023-06-20,"6,812,226","323,760,551","5,271,470","21,044,970.97","192,096,922"
2023-06-19,"7,496,332","325,752,345","-4,294,250","21,726,236.65","191,504,227"
2023-06-16,"9,722,832","458,071,268","3,115,710","22,492,615.41","190,319,897"
2023-06-15,"8,147,091","383,837,839","8,195,500","22,700,310.24","190,378,545"
2023-06-14,"7,369,331","326,552,333","4,938,510","21,721,762.53","188,745,268"
2023-06-13,"7,487,726","358,492,422","33,841,850","21,618,890.69","187,261,344"
2023-06-12,"6,805,620","303,089,356","7,800,820","21,071,714.46","186,973,589"
2023-06-09,"6,166,466","291,329,454","5,823,680","21,654,917.60","187,184,086"
2023-06-08,"6,632,985","308,579,723","-16,234,170","21,525,699.46","186,118,893"
2023-06-07,"6,570,149","296,025,705","10,696,390","22,832,335.04","186,045,144"
2023-06-06,"6,563,012","276,243,948","1,858,380","22,451,885.06","184,977,728"
2023-06-05,"7,901,788","303,902,712","1,372,320","22,757,441.39","185,294,026"
2023-06-02,"7,956,094","366,573,876","15,446,810","22,828,038.97","184,274,339"
2023-06-01,"6,519,472","279,793,114","-3,755,220","22,912,247.56","184,106,790"
2023-05-31,"7,887,933","423,160,617","5,788,650","22,946,226.86","182,543,864"
2023-05-30,"6,482,103","318,391,362","7,183,310","22,443,556.34","181,451,800"
2023-05-29,"7,191,495","346,099,332","26,142,810","22,984,783.54","180,325,169"
2023-05-26,"7,255,266","385,275,751","41,093,870","23,069,144.15","178,776,700"
2023-05-25,"6,619,735","338,545,208","21,241,250","24,034,303.72","179,583,774"
2023-05-24,"5,415,815","229,972,732","-5,190,160","23,974,871.19","179,734,883"
2023-05-23,"5,513,115","241,578,323","5,188,250","24,244,490.66","178,940,499"
2023-05-22,"5,888,637","250,312,225","4,959,330","24,157,624.26","178,221,222"
2023-05-19,"7,207,535","330,509,192","27,747,800","24,447,829.13","176,452,821"
2023-05-18,"6,611,031","293,270,176","26,366,830","23,842,261.15","176,435,429"
2023-05-17,"6,161,177","264,373,895","15,199,830","22,664,722.82","175,803,861"
2023-05-16,"5,084,407","216,174,004","8,545,720","21,525,880.47","175,530,331"
2023-05-15,"4,742,994","192,330,290","-9,417,530","21,016,996.09","175,426,860"
2023-05-12,"5,132,689","223,003,456","-5,107,430","20,940,872.72","174,637,696"
2023-05-11,"4,873,012","202,939,560","-6,991,950","20,418,172","174,695,540"
2023-05-10,"4,625,505","199,414,024","-4,735,210","20,386,733.37","176,363,252"
2023-05-09,"5,192,657","213,983,035","4,707,800","20,156,359.09","176,106,694"
2023-05-08,"5,395,345","217,239,965","5,563,920","20,268,259.81","177,956,514"
2023-05-05,"4,586,675","183,484,040","-552,700","19,769,826.05","177,553,011"
2023-05-04,"4,891,203","203,891,115","-3,181,960","19,337,535.31","177,498,431"
2023-05-03,"5,092,780","204,598,022","-7,987,640","18,970,739.81","176,572,633"
2023-05-02,"5,567,907","229,703,303","3,522,720","18,694,615.87","175,409,684"
2023-04-28,"5,582,127","231,665,865","487,550","17,619,396.92","174,268,398"
2023-04-27,"5,020,367","206,815,935","-11,824,160","16,978,238.69","174,212,219"
2023-04-26,"5,308,551","219,561,187","-4,716,830","15,530,851.27","172,945,235"
2023-04-25,"6,476,866","274,034,722","-17,730,470","15,332,678.31","172,743,051"
2023-04-24,"4,628,032","179,288,121","857,680","15,691,496.79","174,861,224"
2023-04-21,"6,056,927","258,003,849","-183,630","14,329,378.80","174,626,865"
2023-04-20,"5,539,416","236,821,367","-8,016,310","15,096,586.85","177,045,184"
2023-04-19,"5,795,511","257,108,959","-9,632,110","15,273,256.59","177,056,380"
2023-04-18,"5,778,934","258,416,906","-8,109,920","14,813,521.42","175,939,894"
2023-04-17,"5,899,214","250,494,290","-634,300","14,972,013.13","175,517,433"
2023-04-14,"6,048,915","256,224,752","15,117,730","13,757,954.03","174,432,026"
2023-04-13,"6,279,791","258,855,087","-7,707,640","12,650,579.09","173,733,126"
2023-04-12,"5,435,877","233,016,964","5,757,870","12,252,937.33","173,033,671"
2023-04-11,"5,018,999","221,209,529","8,197,210","11,445,960.61","172,042,908"
2023-04-10,"4,356,302","182,069,316","898,560","10,653,076.80","171,833,782"
2023-04-07,"4,238,950","179,334,434","1,445,340","10,560,442.46","170,868,430"
2023-04-06,"5,051,314","210,592,889","-5,195,650","11,162,315.90","170,123,563"
2023-03-31,"4,855,726","203,560,193","9,893,150","11,582,777.54","169,254,982"
2023-03-30,"4,344,704","188,556,338","9,929,950","11,489,884.97","170,232,677"
2023-03-29,"4,465,210","197,648,503","9,725,100","10,604,439.84","170,017,315"
2023-03-28,"4,785,305","214,813,971","-1,881,230","11,446,870.96","170,553,917"
2023-03-27,"5,112,209","215,672,080","-902,270","13,491,905.03","171,615,852"
2023-03-24,"5,594,716","263,128,902","9,691,840","13,991,379.32","170,890,016"
2023-03-23,"5,396,335","233,964,010","15,104,840","17,338,549.78","170,477,423"
2023-03-22,"5,527,343","247,162,529","24,022,060","19,045,988.15","170,035,290"
2023-03-21,"5,007,468","222,379,681","-2,999,620","20,081,727.58","169,924,888"
2023-03-20,"4,966,795","192,917,670","-3,745,560","21,316,260.98","168,686,535"
2023-03-17,"6,140,104","269,155,225","9,943,920","22,695,407.16","168,024,695"
2023-03-16,"6,688,306","245,794,651","-10,536,710","24,191,738.20","167,477,113"
2023-03-15,"5,636,769","246,897,386","-7,090,130","25,460,466.77","168,604,706"
2023-03-14,"6,129,081","241,050,507","-26,132,280","26,618,578.13","168,588,779"
2023-03-13,"6,154,789","243,125,688","5,075,920","27,721,660.32","168,040,186"
2023-03-10,"7,209,043","294,486,776","-19,573,990","29,022,467.42","167,185,992"
2023-03-09,"5,887,831","257,631,788","-12,066,060","31,351,928.95","168,703,974"
2023-03-08,"6,050,588","260,812,623","-15,186,600","32,025,950.40","166,976,131"
2023-03-07,"5,513,326","234,725,340","3,778,190","32,447,162.65","165,701,829"
2023-03-06,"6,090,623","246,927,680","8,146,490","33,265,948.62","165,129,131"
2023-03-03,"5,370,269","240,195,648","-1,721,390","33,832,567.10","164,044,928"
2023-03-02,"4,940,073","216,854,554","-2,668,780","34,531,027.93","163,582,615"
2023-03-01,"5,674,842","260,757,683","-3,916,720","35,070,766.22","162,501,269"
2023-02-24,"5,901,107","294,344,441","-7,083,160","35,464,661.65","162,343,219"
2023-02-23,"5,872,036","252,651,517","13,960,970","35,987,640.55","162,189,671"
2023-02-22,"5,402,433","243,905,148","-10,292,610","35,098,982.21","161,890,074"
2023-02-21,"5,253,377","224,395,036","-54,900","36,521,907.68","161,425,942"
2023-02-20,"5,273,643","211,408,695","-1,978,890","36,273,149.05","160,585,338"
2023-02-17,"5,043,332","214,221,196","-9,920,710","36,304,899.59","159,233,826"
2023-02-16,"5,618,302","234,074,935","8,247,310","36,962,286.68","157,895,513"
2023-02-15,"5,089,910","226,929,299","-6,167,350","36,512,874.02","157,101,383"
2023-02-14,"4,217,899","181,701,883","8,559,350","36,572,643.82","157,740,368"
2023-02-13,"4,154,146","178,950,783","-4,880,870","36,369,028.02","157,068,974"
2023-02-10,"4,597,233","213,331,678","592,420","37,061,854.89","156,892,061"
2023-02-09,"4,366,230","215,138,239","-299,140","37,836,083.60","157,015,335"
2023-02-08,"5,255,236","232,183,050","16,161,320","37,993,928.68","156,369,230"
2023-02-07,"4,292,987","190,962,345","-2,941,020","37,100,231.72","155,973,586"
2023-02-06,"4,662,408","205,885,240","-10,914,570","37,121,800.21","155,401,329"
2023-02-03,"5,360,074","240,943,910","11,574,770","37,755,392.79","154,012,577"
2023-02-02,"6,557,794","277,985,158","20,875,210","37,785,771.41","153,903,696"
2023-02-01,"5,598,484","241,783,785","10,821,680","37,536,721.96","153,394,532"
2023-01-31,"6,170,613","285,632,548","2,865,220","37,075,933.80","152,452,742"
2023-01-30,"6,919,326","354,872,347","68,787,410","36,594,429.90","151,144,037"
2023-01-17,"3,360,505","154,048,407","12,812,300","35,390,321.29","151,760,467"
2023-01-16,"3,571,501","154,847,876","17,240,820","35,909,578.07","154,233,707"
2023-01-13,"3,918,527","186,944,855","28,322,830","36,436,835.05","156,923,871"
2023-01-12,"3,765,175","151,038,374","216,300","37,197,247.75","159,222,919"
2023-01-11,"3,994,253","161,973,645","3,734,430","37,811,188.12","160,324,125"
2023-01-10,"4,629,202","180,679,951","17,073,080","38,303,126.60","161,019,649"
2023-01-09,"6,095,905","225,930,093","34,616,880","38,213,619.64","162,599,873"
2023-01-06,"4,361,333","158,229,898","10,291,330","37,524,047.06","164,378,023"
2023-01-05,"4,699,844","174,293,004","2,475,660","37,885,219.50","165,406,880"
2023-01-04,"4,516,111","163,516,306","-4,687,490","37,827,008.28","166,079,190"
2023-01-03,"4,427,323","151,313,914","1,839,450","37,712,549.98","165,795,086"
2022-12-30,"3,496,035","137,452,072","-57,900","37,392,211.77","166,532,123"
2022-12-29,"4,180,927","144,398,149","-10,896,040","36,557,006.19","167,183,608"
2022-12-28,"4,430,499","165,984,570","-9,670,020","37,326,270.10","167,367,886"
2022-12-27,"3,659,061","126,379,644","3,669,080","38,022,395.23","168,205,983"
2022-12-26,"3,106,471","113,509,673","-3,792,760","37,955,027.53","168,213,827"
2022-12-23,"4,245,235","152,610,855","-12,027,850","38,121,206.64","167,846,786"
2022-12-22,"5,575,432","214,352,643","8,733,210","38,973,292.82","167,609,255"
2022-12-21,"5,608,140","224,180,282","-2,087,210","38,016,715.84","167,486,421"
2022-12-20,"7,111,544","267,416,823","-8,856,680","38,592,529.87","166,715,453"
2022-12-19,"5,688,846","210,179,975","-13,049,190","39,004,865.31","169,562,670"
2022-12-16,"7,782,196","303,102,754","-14,091,330","39,626,215.57","169,145,664"
2022-12-15,"5,242,285","195,885,001","-742,660","40,227,016.92","169,138,256"
2022-12-14,"5,425,439","193,245,957","13,818,690","39,548,309.14","168,473,804"
2022-12-13,"4,995,730","192,965,013","-10,024,030","39,105,041.32","169,205,573"
2022-12-12,"4,583,948","156,933,675","-4,835,620","38,802,704.67","169,199,616"
2022-12-09,"5,485,304","197,445,555","6,015,360","39,358,397.64","168,681,874"
2022-12-08,"5,406,640","183,857,857","-8,024,100","38,767,025.22","168,780,126"
2022-12-07,"6,813,484","250,578,751","-2,906,500","38,839,341.36","167,806,192"
2022-12-06,"6,452,710","249,329,308","-11,589,340","40,068,086.39","168,402,389"
2022-12-05,"6,107,215","246,151,762","-524,430","40,942,185.37","168,577,934"
2022-12-02,"5,601,577","227,146,810","619,790","39,985,228.89","167,705,100"
2022-12-01,"7,511,123","296,286,243","12,376,590","39,902,364.67","166,071,870"
2022-11-30,"7,413,107","285,404,157","19,257,170","39,100,381.26","165,400,997"
2022-11-29,"6,002,496","216,213,179","6,811,810","38,027,067.61","165,330,932"
2022-11-28,"5,256,730","202,234,434","-9,884,600","38,385,487.60","165,119,440"
2022-11-25,"5,565,055","240,583,986","-1,933,800","38,993,428.52","163,925,464"
2022-11-24,"5,601,547","221,042,345","22,821,160","38,555,039.67","164,282,017"
2022-11-23,"4,486,340","190,116,049","2,251,460","37,940,330.73","164,344,922"
2022-11-22,"4,540,344","192,794,292","514,960","37,704,452.34","164,157,179"
2022-11-21,"4,538,087","179,198,449","-1,305,920","37,688,009.68","163,892,375"
2022-11-18,"5,735,383","239,432,879","-2,070,360","37,506,273.92","163,816,097"
2022-11-17,"5,900,998","243,340,088","-1,819,080","37,534,852.16","163,979,296"
2022-11-16,"6,982,139","286,900,306","11,631,650","37,507,760.01","163,257,826"
2022-11-15,"7,913,371","303,830,734","32,598,920","36,788,775.46","163,015,639"
2022-11-14,"7,093,934","277,658,935","35,132,040","36,067,208.77","162,495,854"
2022-11-11,"8,386,262","340,907,871","44,041,930","35,785,878.24","163,366,822"
2022-11-10,"5,126,398","193,698,636","-1,725,120","34,466,095.17","165,142,511"
2022-11-09,"6,414,308","242,279,436","23,034,510","34,428,132.14","164,523,096"
2022-11-08,"6,109,681","225,854,797","9,687,430","33,160,866.06","165,607,191"
2022-11-07,"6,060,917","207,939,141","9,604,430","32,646,751.65","166,176,459"
2022-11-04,"5,249,914","182,037,660","-8,794,040","31,767,428.17","166,888,209"
2022-11-03,"4,684,705","166,722,557","-11,471,730","31,667,468.18","165,908,630"
2022-11-02,"4,381,658","157,054,824","-450,990","31,670,555.18","165,071,224"
2022-11-01,"4,329,893","157,424,369","-568,420","31,300,071.08","165,337,843"
2022-10-31,"4,529,501","172,233,116","5,229,500","30,868,119.35","165,317,881"
2022-10-28,"4,697,989","177,250,583","-10,840,330","30,104,403.41","165,925,636"
2022-10-27,"5,119,538","177,809,071","10,981,390","29,969,026.57","166,357,481"
2022-10-26,"4,591,945","176,948,184","3,260,750","29,425,477.34","166,897,201"
2022-10-25,"5,248,243","193,023,237","-9,574,410","29,753,992.72","167,883,555"
2022-10-24,"5,107,731","180,359,486","-535,810","30,438,684.45","168,938,958"
2022-10-21,"4,618,735","162,412,554","-5,020,690","29,889,647.22","169,136,476"
2022-10-20,"6,796,733","242,739,823","-11,174,050","29,666,982.08","169,779,618"
2022-10-19,"5,000,186","186,636,681","-11,273,710","30,750,480.57","169,664,840"
2022-10-18,"5,468,726","200,519,754","-3,238,640","29,825,328.67","169,517,149"
2022-10-17,"6,425,009","210,302,496","-7,250,740","28,678,737.30","169,221,975"
2022-10-14,"6,287,512","212,181,809","10,265,040","30,239,070.29","169,501,621"
2022-10-13,"6,478,076","215,067,508","-7,572,480","30,268,123.87","170,337,154"
2022-10-12,"5,210,228","190,128,883","-15,657,720","31,176,573.80","175,702,564"
2022-10-11,"6,460,863","228,892,166","-29,626,260","32,831,370.56","176,101,082"
2022-10-07,"4,357,709","165,214,232","-8,062,620","34,997,941.56","177,495,726"
2022-10-06,"4,677,393","178,163,555","12,609,910","34,986,894.29","176,853,543"
2022-10-05,"6,462,759","236,337,160","4,211,040","33,803,632.67","176,873,002"
2022-10-04,"5,413,002","183,835,556","5,872,840","32,154,775.32","177,739,062"
2022-10-03,"4,987,388","170,951,847","-8,347,190","30,990,233.74","178,045,683"
2022-09-30,"5,966,653","214,648,544","-4,775,380","30,452,099.58","177,794,033"
2022-09-29,"5,747,964","216,530,452","-1,180,830","31,780,771.14","179,023,927"
2022-09-28,"6,897,646","229,654,567","-10,812,870","30,667,937.79","179,729,307"
2022-09-27,"5,433,018","193,449,525","-5,202,400","31,675,782.04","184,541,295"
2022-09-26,"6,582,152","222,253,891","-6,246,040","31,635,530.57","184,888,915"
2022-09-23,"5,352,098","202,257,979","-12,077,960","33,656,390.89","191,583,706"
2022-09-22,"6,073,060","212,557,362","-17,724,910","34,033,470.75","192,612,937"
2022-09-21,"4,943,645","180,031,008","-7,706,630","33,613,833.21","192,444,955"
2022-09-20,"4,376,946","168,877,276","3,503,120","33,339,113.37","192,530,791"
2022-09-19,"4,312,823","163,194,293","-6,719,180","32,526,452.76","192,813,997"
2022-09-16,"6,004,067","235,968,920","-15,813,740","32,579,860.95","193,926,064"
2022-09-15,"4,904,217","182,245,846","-5,364,910","32,558,533.34","193,431,427"
2022-09-14,"5,005,873","189,631,557","-12,022,260","31,863,093.36","192,668,024"
2022-09-13,"4,948,246","185,861,620","7,693,580","32,725,644.22","191,402,802"
2022-09-12,"5,273,607","189,707,675","10,652,300","32,171,552.13","191,781,992"
2022-09-08,"4,792,925","178,618,310","-2,219,880","32,030,180.51","192,296,252"
2022-09-07,"5,021,621","185,077,426","-16,032,640","31,278,342.27","192,284,582"
2022-09-06,"4,786,016","186,990,366","300,690","32,242,760.13","192,604,634"
2022-09-05,"5,148,462","191,313,535","-2,108,550","32,816,674.66","193,991,758"
2022-09-02,"5,789,890","236,913,332","-12,932,840","33,122,104.76","195,241,476"
2022-09-01,"6,173,370","234,979,884","-30,645,700","32,815,224.07","195,124,441"
2022-08-31,"5,715,463","217,070,227","3,307,170","33,394,987.08","193,955,219"
2022-08-30,"5,062,809","186,168,125","-16,811,850","33,121,542.44","194,135,622"
2022-08-29,"6,001,146","212,946,977","-22,370,830","32,390,919.27","192,898,342"
2022-08-26,"5,721,284","214,654,558","3,412,270","34,466,947.57","193,723,360"
2022-08-25,"4,748,331","172,043,571","2,234,880","34,008,738.54","194,085,544"
2022-08-24,"4,848,535","181,126,640","-9,329,030","33,506,893.13","193,845,866"
2022-08-23,"4,788,776","174,521,668","-15,021,630","32,975,635.07","193,743,960"
2022-08-22,"5,300,680","204,228,865","-13,971,260","33,197,863.25","193,054,091"
2022-08-19,"5,696,021","222,637,226","-6,812,950","33,904,007.86","192,885,045"
2022-08-18,"5,017,166","200,025,136","-7,193,320","33,757,673.53","191,769,761"
2022-08-17,"5,511,618","218,797,904","-822,820","33,779,991.69","190,980,571"
2022-08-16,"5,723,526","211,819,495","-4,973,310","33,003,855.20","190,229,021"
2022-08-15,"6,430,023","237,881,515","-4,881,330","32,638,638.15","190,603,366"
2022-08-12,"5,798,097","209,185,909","6,941,140","32,424,198.49","190,697,137"
2022-08-11,"6,327,836","223,747,576","13,426,100","31,781,092.53","191,063,194"
2022-08-10,"6,351,580","209,040,930","-16,062,670","31,398,482","192,314,868"
2022-08-09,"5,285,905","188,075,369","-3,442,280","31,320,704.80","190,402,068"
2022-08-08,"4,871,162","174,539,851","-2,080,140","30,766,958.07","190,076,960"
2022-08-05,"5,642,144","206,698,922","24,537,570","30,523,834.33","189,978,040"
2022-08-04,"5,235,083","197,658,576","-3,610,840","28,993,498.96","190,023,702"
2022-08-03,"4,784,239","177,701,242","-4,954,810","28,727,185.40","190,662,760"
2022-08-02,"6,048,011","219,100,619","-17,766,350","28,165,836.34","191,188,634"
2022-08-01,"5,028,214","181,641,243","-5,733,370","29,400,321.51","191,030,394"
2022-07-29,"5,863,987","227,413,747","14,394,600","29,325,570.08","190,881,492"
2022-07-28,"5,458,751","222,604,365","-3,652,940","28,958,180.79","192,038,817"
2022-07-27,"4,778,872","187,827,260","6,915,750","27,033,189.27","191,169,220"
2022-07-26,"4,795,254","186,890,035","-2,361,870","26,295,630.07","191,179,256"
2022-07-25,"4,852,828","185,501,283","-1,480,460","25,919,092.66","191,585,486"
2022-07-22,"6,457,471","265,624,599","-3,853,840","26,336,711.35","191,145,679"
2022-07-21,"6,132,744","238,836,209","11,915,210","25,967,546.71","190,847,336"
2022-07-20,"6,463,082","259,238,995","-3,167,990","25,406,998.40","191,024,002"
2022-07-19,"5,373,185","199,312,047","-1,114,570","23,945,211.50","191,618,764"
2022-07-18,"5,970,251","229,912,658","1,324,360","24,340,078.01","190,943,686"
2022-07-15,"6,094,100","231,695,665","-10,466,840","23,408,621.54","190,602,860"
2022-07-14,"5,721,487","212,187,428","1,972,850","22,937,880.07","189,160,421"
2022-07-13,"6,240,209","225,480,595","6,221,160","23,025,898.99","188,486,826"
2022-07-12,"5,639,956","202,693,684","-8,708,560","22,035,289.28","188,217,421"
2022-07-11,"4,871,146","175,278,139","-2,387,930","21,834,375.88","190,305,560"
2022-07-08,"6,789,256","260,925,588","-3,844,450","21,709,990.08","189,954,736"
2022-07-07,"6,800,402","260,359,618","16,445,490","21,023,873.48","189,771,353"
2022-07-06,"6,793,881","250,758,305","-5,538,500","21,001,277.65","191,054,815"
2022-07-05,"6,676,755","262,237,727","1,408,320","19,806,504.73","193,180,290"
2022-07-04,"6,167,448","238,191,511","-3,709,820","19,469,806.10","193,411,080"
2022-07-01,"7,861,837","308,665,002","-9,465,060","19,818,726.07","196,443,496"
2022-06-30,"6,898,867","265,050,305","-19,042,450","19,802,803.41","206,723,788"
2022-06-29,"5,872,889","248,619,186","-4,683,780","20,199,412.47","209,726,316"
2022-06-28,"5,846,311","237,078,801","-9,646,050","18,589,236.86","209,326,994"
2022-06-27,"6,404,496","243,621,265","8,031,800","18,723,375.16","209,629,060"
2022-06-24,"5,948,003","234,995,388","-3,595,350","18,343,116.27","209,523,444"
2022-06-23,"7,126,291","289,513,623","-7,216,140","16,936,817.85","210,404,095"
2022-06-22,"7,189,114","283,115,262","-20,432,140","18,025,443.35","214,113,720"
2022-06-21,"6,317,170","241,909,464","18,080,180","17,552,559.52","219,227,780"
2022-06-20,"7,296,097","269,820,786","-8,212,020","18,218,646.13","222,701,205"
2022-06-17,"7,818,365","315,316,144","-15,707,190","18,935,469.37","231,698,697"
2022-06-16,"6,526,682","278,764,516","1,087,860","21,727,218.81","235,540,061"
2022-06-15,"5,516,815","227,828,144","-20,134,000","21,063,213.44","240,486,010"
2022-06-14,"5,921,513","229,898,231","-22,264,010","20,937,998.26","241,574,083"
2022-06-13,"5,886,905","234,700,226","-44,483,450","23,115,582.93","241,556,660"
2022-06-10,"4,562,608","189,161,795","-17,677,740","24,879,390.48","242,197,882"
2022-06-09,"4,489,281","197,235,401","-9,116,840","25,156,029.10","242,714,777"
2022-06-08,"4,815,479","211,696,660","4,309,650","25,472,973.85","242,754,599"
2022-06-07,"4,732,466","191,743,164","-15,811,790","25,287,040.12","243,261,143"
2022-06-06,"5,418,061","216,767,810","-2,114,460","25,864,917.96","242,964,895"
2022-06-02,"4,836,099","218,821,056","-8,063,550","26,250,275.72","242,845,808"
2022-06-01,"5,693,916","258,566,786","-10,492,340","26,635,343.66","241,873,173"
2022-05-31,"8,275,230","400,356,519","22,245,020","26,801,200.61","240,591,083"
2022-05-30,"6,285,048","259,481,695","26,510,990","26,066,558.68","241,249,354"
2022-05-27,"5,481,897","222,651,374","19,318,790","25,174,467.46","242,664,227"
2022-05-26,"5,589,281","225,307,535","-10,897,170","24,779,425.86","243,362,307"
2022-05-25,"5,451,206","215,300,370","5,416,480","24,842,878.35","242,997,692"
2022-05-24,"5,299,794","211,490,953","-6,920,740","24,250,741.18","242,277,778"
2022-05-23,"5,618,693","236,072,397","2,394,720","24,463,963.66","242,488,788"
2022-05-20,"5,309,171","201,551,803","6,375,170","24,127,717.40","241,803,166"
2022-05-19,"6,370,148","239,386,921","-12,951,930","23,205,770.42","241,325,531"
2022-05-18,"6,379,939","238,361,860","11,029,520","24,404,839.87","240,843,572"
2022-05-17,"5,579,744","210,065,666","-775,920","22,695,160.09","241,600,907"
2022-05-16,"6,376,545","243,191,635","-1,233,320","22,588,555.83","242,279,780"
2022-05-13,"5,956,940","228,191,135","3,091,050","21,811,799.78","243,816,019"
2022-05-12,"7,290,113","263,338,772","-8,296,170","21,570,067.55","244,115,467"
2022-05-11,"5,626,434","210,767,188","-14,915,470","21,224,709.42","248,382,028"
2022-05-10,"6,855,098","261,492,821","-706,260","20,708,153.70","248,696,514"
2022-05-09,"6,626,190","247,771,305","-19,176,930","21,799,703.84","250,125,870"
2022-05-06,"6,214,594","250,334,664","-20,997,440","22,495,883.08","253,016,723"
2022-05-05,"6,028,615","257,836,488","3,545,490","23,445,108.13","253,143,450"
2022-05-04,"4,754,572","195,351,537","-523,840","22,595,578.87","252,497,763"
2022-05-03,"4,688,894","180,830,288","464,390","22,038,824.73","251,848,012"
2022-04-29,"6,283,737","260,402,549","6,336,390","21,539,215.19","251,788,089"
2022-04-28,"6,326,127","262,470,845","-14,843,980","20,477,389.53","252,966,905"
2022-04-27,"7,557,844","306,750,174","-17,717,630","18,686,678.11","252,837,713"
2022-04-26,"6,546,679","261,006,936","-13,640,990","19,282,294.66","257,398,905"
2022-04-25,"7,818,513","310,208,208","-36,912,340","17,922,953.16","259,689,780"
2022-04-22,"7,020,338","277,475,609","-19,293,770","18,932,289.52","264,899,725"
2022-04-21,"6,527,037","249,584,280","3,737,100","18,948,938.40","264,441,722"
2022-04-20,"7,477,482","296,813,013","3,330,090","18,199,704.84","264,434,648"
2022-04-19,"5,818,953","230,102,564","3,084,770","17,481,166.60","263,383,905"
2022-04-18,"6,433,458","231,659,690","-7,853,760","16,024,703.18","263,433,560"
2022-04-15,"6,948,398","274,202,390","-18,626,420","15,442,716","264,314,247"
2022-04-14,"6,990,328","259,318,241","-1,347,200","14,840,682.24","264,837,707"
2022-04-13,"7,050,860","264,526,339","10,404,000","13,615,842.95","264,230,977"
2022-04-12,"6,923,672","280,224,193","-9,100,410","12,739,992.73","263,375,776"
2022-04-11,"7,826,059","305,785,221","-30,817,100","12,712,819.48","264,163,019"
2022-04-08,"6,150,051","251,705,818","-10,361,270","13,136,463.34","266,191,546"
2022-04-07,"8,062,131","322,049,901","-41,034,550","12,908,601.36","265,467,728"
2022-04-06,"6,830,996","268,247,294","-25,064,960","13,876,893.58","267,858,764"
2022-04-01,"5,719,024","234,596,248","-10,234,750","13,982,566.84","265,675,623"
2022-03-31,"5,658,103","231,557,562","2,233,290","14,018,924.08","265,833,142"
2022-03-30,"6,770,950","307,936,925","21,494,830","14,222,007.61","265,892,233"
2022-03-29,"6,005,532","259,259,976","-7,692,340","14,457,610.25","266,075,724"
2022-03-28,"5,889,262","238,643,286","-11,602,100","14,347,647.09","265,578,378"
2022-03-25,"6,656,846","291,511,554","563,840","14,464,356.01","265,405,581"
2022-03-24,"6,502,369","266,226,282","-2,901,300","14,396,079.70","266,473,600"
2022-03-23,"6,846,491","287,775,292","10,344,770","14,823,360.70","264,802,038"
2022-03-22,"5,875,045","239,464,691","-680,670","14,907,327.36","264,490,419"
2022-03-21,"6,555,265","268,610,282","6,683,050","14,803,975.61","264,625,633"
2022-03-18,"7,994,590","368,381,760","-2,149,900","15,986,233.92","264,108,471"
2022-03-17,"9,772,206","407,797,991","43,016,520","18,057,153.74","264,605,269"
2022-03-16,"8,125,398","406,701,564","-12,291,750","17,337,597.48","264,097,028"
2022-03-15,"7,725,450","381,850,659","-50,155,440","19,174,512.16","266,035,433"
2022-03-14,"6,380,283","295,329,764","-13,370,980","20,845,234.44","268,267,788"
2022-03-11,"5,959,633","268,676,922","-21,338,530","21,392,153.98","265,609,671"
2022-03-10,"8,032,678","357,185,542","2,019,700","21,665,527.60","263,939,822"
2022-03-09,"6,970,530","322,828,838","-29,316,400","20,983,408.74","264,064,412"
2022-03-08,"9,902,592","454,207,209","-41,210,260","20,197,840.28","262,299,095"
2022-03-07,"10,072,752","470,112,276","-74,488,300","22,328,396.97","269,056,017"
2022-03-04,"7,549,139","398,034,883","-40,137,840","25,817,590.94","273,849,123"
2022-03-03,"6,753,791","327,993,673","-6,803,280","26,924,187.53","271,652,003"
2022-03-02,"6,878,544","297,410,694","-18,937,680","26,211,772.09","269,009,930"
2022-03-01,"7,643,059","364,567,991","5,813,680","26,707,063.08","266,890,791"
2022-02-25,"8,104,034","395,177,961","-49,007,850","26,428,978.59","266,168,235"
2022-02-24,"10,101,872","443,017,036","-47,973,910","26,394,300.71","264,032,674"
2022-02-23,"6,080,359","272,941,985","-11,944,240","28,138,277.79","269,379,957"
2022-02-22,"8,553,650","342,849,518","-33,716,620","24,839,569.15","267,507,030"
2022-02-21,"7,499,386","297,586,639","-9,589,520","29,151,444.56","269,854,700"
2022-02-18,"7,574,375","306,718,213","7,555,690","30,222,643.97","267,034,642"
2022-02-17,"7,855,456","309,159,952","15,688,220","29,926,242.19","264,774,235"
2022-02-16,"6,435,603","272,632,973","7,803,240","29,067,825.12","264,034,602"
2022-02-15,"5,884,767","235,991,402","-14,347,100","27,714,145.58","263,551,169"
2022-02-14,"6,357,847","269,927,101","-18,143,560","26,907,628.39","263,152,742"
2022-02-11,"6,177,798","265,254,586","5,256,190","28,765,005.11","263,509,550"
2022-02-10,"6,512,226","285,487,253","9,772,500","27,938,764.59","263,291,737"
2022-02-09,"6,861,230","300,999,539","9,951,670","27,602,641.40","261,883,380"
2022-02-08,"6,885,105","320,965,472","-1,264,180","25,732,749.26","261,182,635"
2022-02-07,"6,291,542","314,553,557","-4,272,240","23,914,391.10","259,031,744"
2022-01-26,"4,934,894","230,136,214","-13,531,810","22,865,995.95","256,188,672"
2022-01-25,"6,109,603","274,980,347","-43,185,350","24,200,142.92","260,593,406"
2022-01-24,"6,093,291","267,104,994","771,660","25,316,760.04","263,350,687"
2022-01-21,"7,191,394","310,956,847","-37,183,420","26,728,500.91","266,694,020"
2022-01-20,"5,557,986","244,016,349","-5,678,390","28,172,623.92","270,323,618"
2022-01-19,"6,124,785","261,584,591","126,220","27,952,700.59","270,452,751"
2022-01-18,"6,014,247","268,216,357","-6,154,460","27,604,314.88","272,964,110"
2022-01-17,"5,767,298","265,308,719","7,064,490","26,830,683.16","273,724,223"
2022-01-14,"7,366,761","338,720,078","16,726,760","26,455,376.34","273,761,394"
2022-01-13,"7,130,343","281,622,682","17,914,720","27,493,046.44","276,229,676"
2022-01-12,"6,746,853","290,149,706","13,118,710","27,748,034.09","277,124,547"
2022-01-11,"7,356,526","309,224,506","3,643,280","27,887,784.03","278,684,857"
2022-01-10,"5,896,254","275,083,813","-3,551,560","28,608,708.37","281,034,115"
2022-01-07,"7,595,875","332,827,899","-12,125,350","28,883,019.01","281,253,143"
2022-01-06,"6,401,573","301,053,696","-5,989,460","30,483,842.12","284,101,376"
2022-01-05,"7,366,467","343,453,096","9,274,330","31,490,799.08","284,348,548"
2022-01-04,"7,298,131","335,569,934","25,520,320","32,515,834.33","283,575,969"
2022-01-03,"6,970,218","331,140,316","15,970,140","32,238,995.24","282,449,467"
2021-12-30,"6,394,953","266,748,554","2,826,820","33,078,333.08","282,223,239"
2021-12-29,"6,188,965","242,588,459","10,907,230","34,097,204.72","281,976,763"
2021-12-28,"6,288,478","262,918,895","18,889,310","33,733,375.61","281,689,753"
2021-12-27,"6,063,084","239,540,561","10,654,190","33,951,938.59","282,330,905"
2021-12-24,"6,294,056","245,556,354","6,665,060","34,149,543.19","281,583,023"
2021-12-23,"6,360,759","279,384,356","16,706,700","34,137,912","281,376,653"
2021-12-22,"6,019,281","254,384,435","2,017,740","33,721,668.86","280,962,188"
2021-12-21,"6,142,255","262,883,709","10,780,200","32,942,507.38","280,371,181"
2021-12-20,"6,240,711","264,028,749","-18,144,450","32,601,885.75","279,528,026"
2021-12-17,"7,822,461","357,244,742","3,900,430","32,729,756.71","278,993,538"
2021-12-16,"7,088,215","315,455,659","-2,415,690","33,320,882.81","279,146,029"
2021-12-15,"5,816,281","250,553,194","-4,759,540","32,772,357.13","276,140,545"
2021-12-14,"7,685,082","307,919,693","-14,079,540","31,354,324.54","274,846,778"
2021-12-13,"7,383,940","289,396,059","-9,118,970","33,947,372.38","278,811,269"
2021-12-10,"6,928,227","287,933,999","-3,056,900","34,294,040.28","279,481,062"
2021-12-09,"7,970,542","324,868,672","5,195,770","34,545,884.63","279,547,182"
2021-12-08,"8,204,584","371,800,714","15,720,740","34,730,953.01","278,908,946"
2021-12-07,"8,315,524","379,806,852","439,900","33,787,932.14","279,918,579"
2021-12-06,"6,532,709","300,518,100","-5,853,360","33,706,858.36","279,727,169"
2021-12-03,"7,026,605","331,786,096","7,528,210","33,952,721.70","278,462,124"
2021-12-02,"8,097,881","390,513,810","12,583,010","32,712,958.66","276,872,541"
2021-12-01,"7,020,888","301,843,336","8,509,500","32,964,124.91","275,384,819"
2021-11-30,"9,057,571","450,911,792","-15,437,350","33,099,584.49","273,108,152"
2021-11-29,"7,721,871","320,677,127","7,081,490","31,109,577.17","271,492,286"
2021-11-26,"8,639,089","358,071,196","-28,591,100","32,695,266.46","273,211,947"
2021-11-25,"7,075,203","304,987,557","-7,907,610","34,707,741.67","277,809,168"
2021-11-24,"7,355,021","296,118,541","1,218,000","34,318,661.77","275,764,578"
2021-11-23,"7,497,815","317,222,155","-12,394,730","34,087,343.65","273,648,248"
2021-11-22,"7,432,543","318,624,260","876,550","35,416,165.69","275,351,079"
2021-11-19,"9,158,530","403,035,761","7,687,500","35,791,386.95","275,671,807"
2021-11-18,"9,921,581","401,078,970","10,078,990","35,719,792.84","274,482,564"
2021-11-17,"9,046,216","401,301,502","-553,430","35,746,488.98","274,050,251"
2021-11-16,"8,855,573","382,162,729","7,747,380","34,987,811.33","270,659,944"
2021-11-15,"8,179,591","381,614,725","5,641,840","34,584,796.13","270,407,146"
2021-11-12,"8,143,908","372,989,508","7,383,750","34,376,957.75","268,482,272"
2021-11-11,"9,014,096","404,733,032","-7,214,140","34,189,212.08","268,333,926"
2021-11-10,"8,499,487","355,234,868","324,720","34,416,356.35","267,944,002"
2021-11-09,"8,519,578","399,282,001","18,746,810","34,061,421.12","265,737,409"
2021-11-08,"8,442,817","381,545,151","11,031,570","33,466,048.42","265,615,302"
2021-11-05,"7,436,689","328,587,696","26,084,050","33,516,877.15","264,349,332"
2021-11-04,"6,938,569","312,713,452","-7,186,290","33,352,780.98","263,063,087"
2021-11-03,"7,026,797","331,406,173","3,987,460","33,068,302.37","262,291,856"
2021-11-02,"8,341,539","391,225,378","2,347,340","33,474,022.83","260,817,958"
2021-11-01,"7,074,664","329,166,591","-2,676,270","34,335,713.13","259,445,801"
2021-10-29,"7,050,932","354,432,458","-11,006,200","34,053,369.83","255,433,421"
2021-10-28,"6,997,433","318,326,306","-7,462,940","34,601,038.48","254,117,829"
2021-10-27,"5,887,097","285,649,371","2,442,550","34,129,543.09","252,932,883"
2021-10-26,"6,680,427","329,075,084","6,448,180","34,360,721.18","251,136,198"
2021-10-25,"5,491,700","269,886,794","4,511,580","33,845,693.78","250,016,440"
2021-10-22,"6,145,236","284,588,150","-1,848,420","34,021,984.11","248,500,017"
2021-10-21,"6,613,118","311,770,657","5,493,110","34,780,783.04","247,999,712"
2021-10-20,"5,748,882","268,221,170","-6,073,930","33,549,612.95","246,685,002"
2021-10-19,"6,078,970","269,792,045","9,909,860","32,371,738.37","245,744,912"
2021-10-18,"6,285,394","271,910,860","4,052,240","32,012,966","245,514,892"
2021-10-15,"6,030,701","288,086,811","26,574,700","32,904,586.51","246,382,510"
2021-10-14,"5,636,197","258,723,949","3,433,080","32,425,178.64","246,508,103"
2021-10-13,"5,788,989","260,563,813","-8,137,800","31,325,199.03","247,276,543"
2021-10-12,"5,959,453","284,833,460","-15,377,060","31,301,918.99","248,802,090"
2021-10-08,"5,898,171","276,720,245","-14,669,510","33,193,063.24","251,373,267"
2021-10-07,"6,432,919","298,273,960","22,779,180","32,309,876.21","251,042,773"
2021-10-06,"6,173,594","290,791,563","-20,861,560","30,175,203.40","251,252,032"
2021-10-05,"6,867,850","332,327,847","-13,501,040","28,828,242.33","251,601,492"
2021-10-04,"6,696,156","302,750,304","-1,117,300","29,909,036.18","253,184,668"
2021-10-01,"7,878,762","345,101,126","-35,855,940","30,975,797.14","259,423,783"
2021-09-30,"6,340,103","278,193,188","-6,683,340","32,420,662.39","266,014,824"
2021-09-29,"7,361,396","328,878,394","-30,609,430","31,211,361.17","265,575,897"
2021-09-28,"5,800,849","259,664,385","-12,223,440","31,693,491.97","266,685,702"
2021-09-27,"6,662,794","300,599,358","11,253,430","32,949,736.17","266,204,586"
2021-09-24,"6,101,942","278,917,064","7,592,920","33,197,696.88","265,237,980"
2021-09-23,"5,730,646","253,840,587","3,737,230","32,177,465.94","263,626,157"
2021-09-22,"7,253,281","298,478,639","-33,026,510","29,834,265.64","263,579,217"
2021-09-17,"6,567,681","316,458,676","1,731,240","32,305,487.61","264,378,901"
2021-09-16,"5,750,136","242,577,208","-3,938,960","32,520,702.57","264,266,526"
2021-09-15,"5,732,189","269,826,160","1,398,320","31,902,388.73","264,050,224"
2021-09-14,"5,669,147","261,864,808","6,416,730","31,102,432.20","264,274,494"
2021-09-13,"5,932,740","260,743,193","-260,890","30,131,648.61","264,653,901"
2021-09-10,"5,898,868","268,550,691","14,579,970","29,737,372.88","264,265,780"
2021-09-09,"5,177,907","246,914,721","-36,340","29,966,938.87","263,146,817"
2021-09-08,"6,716,726","325,685,541","-884,530","29,344,026.01","262,952,042"
2021-09-07,"6,809,125","337,806,586","6,420,040","29,253,432.81","265,162,511"
2021-09-06,"8,125,514","380,807,908","6,478,020","28,494,921.12","266,960,417"
2021-09-03,"7,417,361","366,252,454","30,781,410","28,240,711.32","268,328,004"
2021-09-02,"7,363,528","354,658,918","-2,503,350","26,363,113.37","267,304,147"
2021-09-01,"7,417,302","365,348,125","11,264,160","25,683,876.98","267,554,662"
2021-08-31,"7,594,890","345,142,070","23,354,140","26,907,334.13","268,233,933"
2021-08-30,"6,286,680","274,916,258","18,884,620","27,158,728.20","269,995,592"
2021-08-27,"6,876,549","320,002,450","17,336,490","27,408,319.58","269,534,986"
2021-08-26,"7,176,067","377,161,165","-15,745,700","27,551,513.33","271,668,792"
2021-08-25,"7,220,691","364,041,511","16,863,390","26,740,544.41","269,298,882"
2021-08-24,"8,218,076","418,124,482","-11,232,400","26,839,266.68","268,544,769"
2021-08-23,"7,336,054","367,661,958","13,989,010","25,929,360.23","270,259,633"
2021-08-20,"7,563,826","354,803,584","-12,032,190","24,797,217.80","265,704,697"
2021-08-19,"8,740,931","438,390,385","-44,729,010","24,627,067.12","267,133,735"
2021-08-18,"8,581,086","424,297,841","-103,520","23,266,961.01","270,079,785"
2021-08-17,"6,572,397","299,768,629","-6,556,140","22,512,830.24","269,314,371"
2021-08-16,"7,549,787","336,192,844","6,309,450","22,142,429.75","273,298,264"
2021-08-13,"8,080,387","386,639,052","-21,738,550","23,676,402.65","277,783,136"
2021-08-12,"6,583,768","322,543,314","5,823,830","23,641,383.47","280,174,670"
2021-08-11,"8,485,348","392,285,506","6,379,700","22,281,343.42","278,085,058"
2021-08-10,"7,424,101","352,995,785","-5,843,150","22,784,364.18","285,274,027"
2021-08-09,"7,894,068","352,402,466","-7,644,230","24,180,503.86","290,197,545"
2021-08-06,"8,507,806","401,257,559","-8,445,960","24,561,197.42","293,561,681"
2021-08-05,"9,310,147","385,923,439","4,966,730","24,812,274.36","293,909,481"
2021-08-04,"8,674,006","379,090,333","10,378,550","24,277,570.36","293,619,248"
2021-08-03,"7,297,083","390,300,020","661,800","23,056,824.34","292,985,833"
2021-08-02,"8,433,835","440,189,515","23,610,500","22,897,214.27","291,966,512"
2021-07-30,"9,849,934","545,677,057","-15,734,610","23,123,402.20","291,466,562"
2021-07-29,"8,619,629","474,040,327","18,691,600","22,595,979.28","291,602,781"
2021-07-28,"10,441,371","561,406,052","-18,514,960","19,782,599.49","289,517,857"
2021-07-27,"9,278,098","509,825,382","-2,486,460","21,504,501.20","296,584,578"
2021-07-26,"9,321,989","462,559,790","-15,129,760","23,378,178.84","298,020,214"
2021-07-23,"10,052,711","568,510,206","3,063,540","23,671,748.34","296,455,609"
2021-07-22,"10,160,940","589,121,216","35,433,710","23,826,159.54","294,542,383"
2021-07-21,"10,851,632","620,882,769","-16,124,420","25,495,591.17","293,773,076"
2021-07-20,"9,624,045","474,808,644","-24,621,890","26,564,210.15","295,615,548"
2021-07-19,"9,411,627","472,301,329","-41,032,510","33,298,347.11","299,927,335"
2021-07-16,"10,282,434","580,246,134","-21,508,840","32,649,869.39","295,688,796"
2021-07-15,"9,106,657","458,476,218","15,857,410","29,829,150.83","296,479,307"
2021-07-14,"10,827,135","577,937,259","14,962,380","26,821,825.97","291,248,460"
2021-07-13,"12,997,799","662,806,323","22,501,390","32,643,239.02","293,348,290"
2021-07-12,"10,467,277","558,800,417","13,195,730","34,585,162.94","299,252,325"
2021-07-09,"9,944,657","550,069,517","-39,095,190","34,100,952.05","295,462,211"
2021-07-08,"11,812,352","643,334,689","-3,344,360","34,047,992.91","299,350,679"
2021-07-07,"10,361,683","591,569,380","-10,610,500","34,211,147.29","295,537,905"
2021-07-06,"9,990,840","606,747,938","589,640","35,582,809.80","298,634,866"
2021-07-05,"11,327,332","611,238,616","11,635,870","34,436,080.60","298,060,995"
2021-07-02,"12,310,475","612,921,213","-18,252,760","35,779,547.89","289,131,431"
2021-07-01,"13,164,999","647,493,784","-17,830,170","35,166,483.43","284,114,788"
2021-06-30,"11,204,532","543,789,010","19,506,770","35,083,289.92","286,850,911"
2021-06-29,"11,551,535","598,252,284","-13,444,270","34,764,926.83","276,613,307"
2021-06-28,"10,047,162","444,330,817","5,612,250","35,898,020.65","280,289,200"
2021-06-25,"10,145,572","480,630,213","7,531,970","34,470,612.17","272,029,777"
2021-06-24,"9,578,597","422,449,011","4,682,470","32,369,046.03","269,060,717"
2021-06-23,"11,438,705","529,464,867","11,767,320","31,679,414.37","262,707,409"
2021-06-22,"12,102,644","551,361,810","-9,935,150","34,747,314.80","264,833,595"
2021-06-21,"10,773,756","518,016,333","-31,567,870","34,219,540.28","263,972,137"
2021-06-18,"11,033,579","545,884,140","-15,317,640","31,804,456.37","262,606,750"
2021-06-17,"9,302,890","444,979,420","-6,430,970","30,739,302.87","260,074,989"
2021-06-16,"10,878,514","580,861,441","-17,773,470","30,965,971.55","253,970,327"
2021-06-15,"9,141,252","439,624,079","14,491,430","32,173,389.62","256,269,317"
2021-06-11,"8,846,548","411,621,456","11,763,430","30,025,798.95","251,459,915"
2021-06-10,"9,652,249","415,932,224","17,904,990","29,685,952.78","248,039,116"
2021-06-09,"8,780,835","402,429,683","-14,381,920","30,700,590.66","247,956,857"
2021-06-08,"7,966,537","350,719,169","-5,484,560","30,098,808.63","247,496,957"
2021-06-07,"11,588,834","492,716,835","-6,150,100","29,492,710.02","245,921,202"
2021-06-04,"11,138,533","441,296,737","-16,787,140","31,489,144.21","246,356,191"
2021-06-03,"11,079,030","493,259,637","7,678,980","31,198,003.28","245,958,470"
2021-06-02,"12,360,554","540,773,546","-9,141,480","30,450,828.81","240,498,196"
2021-06-01,"10,763,106","465,340,816","1,996,110","30,510,218.69","240,126,099"
2021-05-31,"12,753,627","540,116,552","13,314,840","29,687,054.40","234,047,805"
2021-05-28,"11,695,052","497,689,355","18,517,040","29,482,487.73","233,365,365"
2021-05-27,"10,717,817","540,962,044","-11,978,480","27,440,246.76","226,935,645"
2021-05-26,"9,220,132","429,741,819","2,501,740","25,570,141.42","225,719,102"
2021-05-25,"12,484,201","533,420,088","-2,816,100","24,034,824.17","222,993,954"
2021-05-24,"9,718,105","427,979,956","1,180,150","24,072,268.70","222,033,981"
2021-05-21,"10,040,039","433,126,615","17,602,470","23,300,728.44","219,988,990"
2021-05-20,"10,554,659","477,511,317","-16,020,870","22,403,862.64","216,571,289"
2021-05-19,"11,332,207","441,800,770","-28,206,440","20,815,533.94","218,632,614"
2021-05-18,"10,897,361","414,681,841","22,610,450","17,930,594.02","216,266,426"
2021-05-17,"13,148,568","485,005,511","32,932,290","15,561,411.42","214,583,149"
2021-05-14,"12,850,841","516,172,195","-12,499,390","16,495,640.65","230,815,663"
2021-05-13,"14,638,813","574,583,620","-19,807,370","15,198,510.71","236,633,451"
2021-05-12,"20,092,847","782,825,325","-10,149,850","17,499,581.25","244,997,172"
2021-05-11,"17,856,079","725,085,815","-39,721,710","21,800,681.79","257,565,533"
2021-05-10,"12,944,671","501,395,823","-963,810","23,041,198.38","270,229,420"
2021-05-07,"12,162,298","459,107,262","16,282,820","20,629,332.19","264,296,769"
2021-05-06,"12,771,639","495,957,527","-6,130,290","18,978,687.90","259,788,116"
2021-05-05,"12,120,844","464,336,586","-12,274,980","17,846,254.68","260,229,754"
2021-05-04,"17,675,985","672,307,299","1,969,450","16,568,263.55","260,221,861"
2021-05-03,"15,458,829","597,794,883","-7,985,220","19,948,502.31","269,119,244"
2021-04-29,"15,169,267","548,020,576","-7,976,370","20,381,583.03","274,063,216"
2021-04-28,"14,504,677","511,159,458","5,835,590","20,255,079.85","271,712,320"
2021-04-27,"13,557,800","500,589,184","2,475,830","18,581,961.08","268,507,007"
2021-04-26,"13,747,195","473,306,158","14,862,820","18,100,199.93","267,790,345"
2021-04-23,"13,214,846","458,836,896","17,825,090","16,062,227.49","259,846,969"
2021-04-22,"19,621,534","652,388,354","4,005,670","16,188,021.73","255,099,827"
2021-04-21,"13,297,873","445,082,328","-19,865,700","16,384,059.43","259,367,710"
2021-04-20,"13,070,597","445,059,600","-2,016,700","14,838,740.20","254,654,744"
2021-04-19,"14,601,043","452,050,284","5,222,950","14,241,807.36","253,719,814"
2021-04-16,"12,256,445","429,729,126","4,923,550","12,941,985.77","247,778,548"
2021-04-15,"10,863,449","366,618,182","4,403,420","12,427,103.55","245,359,107"
2021-04-14,"14,502,431","490,959,159","-1,042,010","11,386,962.09","240,764,227"
2021-04-13,"14,488,230","470,716,374","-1,637,910","12,210,210.82","242,012,027"
2021-04-12,"12,726,711","428,229,811","-6,510,760","12,151,588.35","242,961,765"
2021-04-09,"12,470,868","448,356,490","-3,980,360","11,883,757.67","240,178,000"
2021-04-08,"11,433,061","389,754,113","753,520","13,248,385.41","239,495,021"
2021-04-07,"10,076,230","345,372,605","7,257,180","12,705,960.34","236,102,317"
2021-04-06,"9,782,619","339,918,097","13,668,790","13,160,855.20","233,674,737"
2021-04-01,"8,890,669","326,757,079","14,278,670","13,137,752.39","232,797,142"
2021-03-31,"9,159,869","339,531,223","-15,426,410","13,555,757.45","232,085,875"
2021-03-30,"9,057,751","315,388,510","10,761,040","15,925,685.90","231,312,242"
2021-03-29,"10,452,660","328,728,371","8,125,050","16,657,905.07","230,197,160"
2021-03-26,"8,573,575","300,921,862","22,469,520","17,164,168.46","229,766,669"
2021-03-25,"9,028,784","324,648,582","-16,714,350","15,986,126.87","228,048,637"
2021-03-24,"8,650,496","325,340,589","-34,228,730","17,359,954.16","227,128,371"
2021-03-23,"10,466,622","352,901,241","-5,157,330","18,208,345.34","225,302,069"
2021-03-22,"9,984,003","336,522,529","-5,005,340","19,408,493.33","225,596,249"
2021-03-19,"10,369,745","397,199,621","-36,267,120","20,683,090.59","222,088,108"
2021-03-18,"8,959,526","328,484,029","10,048,590","22,635,851.36","221,271,532"
2021-03-17,"7,897,003","316,838,190","-12,815,890","22,722,230.80","219,823,995"
2021-03-16,"7,954,820","298,899,115","-1,160,360","23,369,251.18","219,279,686"
2021-03-15,"7,038,780","267,894,529","-2,580,510","23,649,521.63","218,622,587"
2021-03-12,"7,700,933","302,624,117","6,017,270","23,799,046.49","215,831,657"
2021-03-11,"8,174,238","330,053,529","18,924,650","24,091,811.66","215,825,956"
2021-03-10,"6,953,802","263,489,868","-2,902,540","23,415,612.32","214,442,225"
2021-03-09,"8,542,385","328,450,235","-1,905,290","22,620,919.60","214,392,426"
2021-03-08,"7,904,447","291,178,091","-15,361,030","24,407,017.76","211,823,369"
2021-03-05,"7,802,008","309,550,938","-25,814,550","24,619,432.39","211,431,492"
2021-03-04,"8,968,387","335,417,162","-49,988,130","25,844,224.13","210,623,996"
2021-03-03,"8,339,162","320,119,676","13,507,520","26,795,581.10","208,611,375"
2021-03-02,"9,174,901","340,853,023","-5,830,410","28,317,371.58","207,401,442"
2021-02-26,"11,254,308","452,935,541","-90,428,770","28,345,656.58","209,209,687"
2021-02-25,"9,928,163","355,681,379","21,974,820","29,625,676.74","207,647,124"
2021-02-24,"10,053,872","403,089,819","-22,387,460","29,000,210.33","205,090,123"
2021-02-23,"9,751,868","373,301,829","4,832,510","29,496,599.64","205,161,646"
2021-02-22,"9,631,555","357,715,249","-1,399,290","29,594,763.10","203,048,919"
2021-02-19,"8,835,553","353,140,503","-18,332,630","29,059,582.84","199,702,597"
2021-02-18,"9,049,755","368,998,974","-2,195,930","28,849,708.73","196,422,393"
2021-02-17,"9,219,556","423,079,878","28,056,590","27,793,834.60","193,046,401"
2021-02-05,"6,946,810","286,964,083","-7,046,400","25,727,932.66","189,656,322"
2021-02-04,"6,713,485","256,296,570","-12,198,060","26,475,868.76","193,416,254"
2021-02-03,"7,809,582","293,891,653","-757,790","27,090,180.14","194,467,085"
2021-02-02,"8,036,152","311,787,261","8,694,040","26,897,295.01","194,806,985"
2021-02-01,"7,557,427","277,685,216","15,040,770","25,562,238.49","196,368,633"
2021-01-29,"8,619,701","362,938,171","-33,725,760","26,046,634.58","198,191,950"
2021-01-28,"8,684,236","368,884,075","-31,759,880","26,407,234.90","200,286,762"
2021-01-27,"6,917,641","311,387,553","-5,027,830","27,947,952.69","201,011,072"
2021-01-26,"7,841,595","365,832,511","-27,136,780","28,158,479.59","198,171,989"
2021-01-25,"8,013,173","358,829,285","-20,788,360","29,774,025.69","199,605,974"
2021-01-22,"8,253,605","413,429,872","-32,233,370","30,306,676.06","197,772,542"
2021-01-21,"8,832,867","363,550,314","1,367,780","29,958,929.39","194,740,341"
2021-01-20,"10,566,225","428,679,270","-21,366,540","28,843,871.08","193,231,568"
2021-01-19,"8,347,997","322,322,357","7,957,070","29,519,520.32","198,027,971"
2021-01-18,"8,298,960","318,810,538","-909,240","28,464,719.61","196,216,914"
2021-01-15,"10,457,222","443,575,267","-2,282,980","30,783,753.89","195,445,459"
2021-01-14,"9,186,986","402,059,904","-7,199,920","30,802,276.36","198,668,744"
2021-01-13,"9,111,050","379,965,683","16,018,470","30,655,637.56","195,212,571"
2021-01-12,"9,394,475","374,381,456","-5,862,610","30,250,323.79","191,508,004"
2021-01-11,"8,217,768","329,774,888","-865,840","31,176,429.06","194,744,944"
2021-01-08,"9,249,546","400,844,785","21,371,860","30,617,193.37","192,769,708"
2021-01-07,"8,827,119","342,426,405","16,424,490","30,055,087.64","191,847,287"
2021-01-06,"11,485,851","438,656,275","69,360","29,990,870.06","188,915,691"
2021-01-05,"9,179,847","350,088,920","2,497,530","30,394,713.37","190,764,773"
2021-01-04,"9,339,297","349,548,269","24,961,650","30,523,090.41","190,297,027"
2020-12-31,"8,098,938","260,682,229","5,040,620","29,275,793.20","187,358,232"
2020-12-30,"8,345,169","263,723,474","26,058,060","29,232,796.18","187,131,498"
2020-12-29,"9,485,864","287,984,416","-823,430","28,971,069.71","185,949,806"
2020-12-28,"8,522,466","252,198,708","12,041,390","29,302,775.98","186,790,038"
2020-12-25,"7,354,213","214,088,716","5,310,100","27,977,389.84","184,261,341"
2020-12-24,"7,461,043","224,128,612","3,364,230","27,921,652.41","182,324,600"
2020-12-23,"7,727,365","221,442,811","680,700","26,965,661.12","180,884,857"
2020-12-22,"10,869,811","292,106,351","-10,064,300","26,602,552.17","179,289,926"
2020-12-21,"8,527,792","259,328,467","10,043,680","27,701,978.35","180,799,537"
2020-12-18,"7,440,315","249,304,150","335,160","27,343,931.23","179,124,370"
2020-12-17,"6,227,173","230,060,953","2,327,690","26,922,348.32","178,080,454"
2020-12-16,"7,048,147","252,463,005","28,120,110","26,975,103.94","177,458,609"
2020-12-15,"8,827,642","277,699,803","-15,793,520","25,676,655.70","176,163,466"
2020-12-14,"7,705,137","235,223,161","-3,867,680","27,035,995.64","177,217,096"
2020-12-11,"9,039,771","323,558,547","-859,050","26,489,404.81","174,971,927"
2020-12-10,"8,817,637","307,510,445","-13,510,510","28,346,450.72","176,351,849"
2020-12-09,"8,859,421","311,572,078","-892,000","29,433,080.15","176,623,285"
2020-12-08,"8,745,552","282,631,831","4,173,580","28,197,934.22","174,748,765"
2020-12-07,"10,622,974","335,390,088","-6,097,000","27,774,982.76","174,270,489"
2020-12-04,"9,326,108","290,630,901","14,668,290","27,284,627.57","171,763,752"
2020-12-03,"8,380,406","270,571,743","-6,889,400","27,660,466.22","169,976,900"
2020-12-02,"8,956,941","290,212,212","-671,140","27,233,071.28","169,323,563"
2020-12-01,"9,170,668","261,391,083","1,315,050","26,781,119.52","168,377,003"
2020-11-30,"10,553,313","409,686,465","-33,144,980","27,266,246.13","166,873,754"
2020-11-27,"7,292,147","240,858,423","-3,524,430","27,310,337.05","164,350,275"
2020-11-26,"6,910,524","221,494,381","3,867,030","27,152,671.82","163,100,647"
2020-11-25,"7,757,213","268,503,936","-9,725,110","26,610,629.87","161,199,971"
2020-11-24,"7,633,875","266,723,419","-3,876,150","26,988,249.36","160,439,438"
2020-11-23,"7,028,271","239,256,004","10,056,780","26,515,945.17","160,830,511"
2020-11-20,"5,986,755","221,195,197","-4,436,390","26,078,470.77","159,599,860"
2020-11-19,"6,243,552","209,775,157","-4,777,110","25,874,872.80","158,629,239"
2020-11-18,"6,591,867","234,580,312","21,807,630","25,391,909.01","157,700,979"
2020-11-17,"6,633,573","239,482,702","15,297,640","24,688,468.54","156,800,929"
2020-11-16,"6,776,528","237,134,623","23,068,060","24,207,742.84","157,754,775"
2020-11-13,"5,864,501","181,096,250","6,446,440","23,951,008.63","156,853,102"
2020-11-12,"6,858,089","226,313,274","6,646,830","23,939,975.11","156,071,497"
2020-11-11,"8,185,194","243,187,688","16,280,790","23,988,011.65","156,426,917"
2020-11-10,"7,757,716","251,582,354","-2,881,120","24,214,319.36","155,255,338"
2020-11-09,"6,798,077","223,243,577","19,242,560","25,101,830.07","155,807,094"
2020-11-06,"5,767,873","185,205,040","13,505,270","24,400,816.66","155,322,285"
2020-11-05,"5,603,467","176,324,654","14,654,030","23,617,851.63","155,773,740"
2020-11-04,"6,578,096","193,635,582","5,822,410","22,964,258.88","156,529,360"
2020-11-03,"5,322,961","168,037,751","13,284,170","22,483,781.98","156,419,074"
2020-11-02,"5,294,905","166,402,723","3,392,380","21,581,874.71","156,550,367"
2020-10-30,"6,541,713","199,921,272","-22,993,770","23,238,857.50","156,732,648"
2020-10-29,"6,761,490","189,181,317","-17,182,890","24,068,257.97","157,736,342"
2020-10-28,"6,285,954","178,393,235","-8,561,330","24,808,952.68","157,068,566"
2020-10-27,"6,050,727","171,090,786","-5,765,330","25,221,509.91","157,637,076"
2020-10-26,"6,677,343","164,887,331","-220,840","25,303,216.28","156,676,225"
2020-10-23,"5,327,338","152,625,190","-3,187,830","25,407,494.18","155,686,400"
2020-10-22,"5,778,195","175,346,026","6,297,730","25,438,620.19","154,886,233"
2020-10-21,"5,658,937","170,079,821","-482,560","25,250,009.65","154,875,928"
2020-10-20,"4,737,368","148,198,152","-3,146,350","25,321,384.61","154,053,374"
2020-10-19,"5,370,531","165,105,692","12,906,620","24,986,725.41","153,414,517"
2020-10-16,"6,189,889","187,444,509","-4,311,620","24,410,489.91","153,543,433"
2020-10-15,"6,066,363","182,308,417","-13,908,430","25,021,990.59","154,744,836"
2020-10-14,"6,116,047","200,703,231","-6,957,160","24,886,149.79","154,063,591"
2020-10-13,"5,812,233","190,973,087","209,030","24,250,783.79","153,054,773"
2020-10-12,"6,482,289","232,572,523","12,028,260","24,106,062.95","152,335,805"
2020-10-08,"5,770,489","211,109,323","15,787,780","23,613,967.80","153,333,846"
2020-10-07,"4,853,747","164,997,223","5,330,620","22,664,422.40","153,914,809"
2020-10-06,"5,185,702","165,854,793","8,893,990","21,641,081.45","153,347,709"
2020-10-05,"4,720,361","149,121,901","277,930","20,720,961.82","153,146,117"
2020-09-30,"4,306,132","138,726,456","4,522,020","20,034,650.12","151,853,642"
2020-09-29,"5,160,203","167,365,571","-1,316,940","19,943,503.86","152,143,823"
2020-09-28,"5,029,633","156,017,854","9,945,650","19,666,368.83","152,002,677"
2020-09-25,"6,649,496","212,269,144","-376,570","18,769,178.73","151,866,371"
2020-09-24,"7,819,019","245,936,885","-43,155,470","20,238,235.79","155,774,125"
2020-09-23,"5,513,876","175,526,105","-11,910,360","21,925,627.45","156,610,875"
2020-09-22,"6,036,770","174,264,803","-12,129,900","22,167,399.46","156,169,363"
2020-09-21,"6,119,694","175,367,408","-8,488,900","23,254,552.50","157,006,161"
2020-09-18,"6,121,502","205,193,750","-1,864,350","22,797,483.65","157,318,117"
2020-09-17,"5,839,451","189,513,576","-9,356,170","22,487,488.12","156,789,269"
2020-09-16,"6,346,241","210,538,750","17,148,050","22,121,322.27","155,725,906"
2020-09-15,"6,115,853","188,893,786","4,188,830","21,187,184.44","155,648,092"
2020-09-14,"5,970,714","180,017,547","8,412,000","20,457,465.18","156,202,534"
2020-09-11,"7,457,620","191,926,504","3,656,840","20,159,255.91","155,344,253"
2020-09-10,"7,558,292","199,824,838","4,600,830","20,878,142.94","156,938,594"
2020-09-09,"7,663,239","210,164,733","-11,585,210","20,218,641.48","157,136,480"
2020-09-08,"7,166,397","205,876,584","2,924,520","20,402,117.20","156,542,294"
2020-09-07,"8,517,685","228,208,318","-9,002,760","20,786,003.38","155,589,970"
2020-09-04,"8,831,958","234,170,189","-22,251,200","21,041,737.36","154,837,447"
2020-09-03,"8,851,967","238,405,949","11,222,700","22,028,584.72","153,651,017"
2020-09-02,"6,761,533","212,372,719","-4,277,470","21,180,899.67","153,616,033"
2020-09-01,"7,167,104","230,689,544","5,032,350","20,538,356.47","152,303,884"
2020-08-31,"7,567,454","251,603,944","-16,204,650","20,140,904.42","152,199,562"
2020-08-28,"6,774,001","209,654,119","-6,879,830","19,980,135.96","149,678,563"
2020-08-27,"7,593,252","219,151,081","-7,496,300","20,898,947.80","149,297,381"
2020-08-26,"5,896,934","180,171,536","2,147,500","20,606,076.09","148,138,190"
2020-08-25,"6,638,302","199,608,206","3,082,040","20,242,621.14","146,919,649"
2020-08-24,"5,964,445","205,946,569","-1,163,700","19,662,418.47","145,873,575"
2020-08-21,"6,617,437","226,382,287","5,036,780","18,955,939.31","145,278,213"
2020-08-20,"10,808,931","352,466,831","-12,511,280","17,376,005.39","144,190,309"
2020-08-19,"7,199,535","255,584,456","-438,960","20,292,555.43","149,695,150"
2020-08-18,"6,843,591","250,451,420","-2,718,520","20,535,740.70","150,233,670"
2020-08-17,"7,363,417","222,858,664","8,308,910","20,235,945.98","150,800,219"
2020-08-14,"6,385,965","214,585,977","3,567,150","20,121,503.46","150,003,378"
2020-08-13,"6,178,740","239,493,176","7,242,410","20,104,049.06","149,112,286"
2020-08-12,"6,351,198","218,949,013","-9,079,280","19,798,389.72","150,148,282"
2020-08-11,"6,378,786","206,667,809","-5,874,160","20,455,238.80","148,851,344"
2020-08-10,"6,577,589","216,322,152","1,431,830","20,570,146.02","150,554,289"
2020-08-07,"6,458,649","240,196,550","-11,705,660","21,468,536.71","149,892,177"
2020-08-06,"7,232,775","262,092,613","3,928,510","21,695,765.15","149,766,902"
2020-08-05,"7,039,886","240,824,380","-519,100","21,037,271.95","149,662,998"
2020-08-04,"6,164,234","213,563,216","4,996,730","20,444,736.03","147,657,104"
2020-08-03,"5,837,095","233,305,008","-29,609,440","19,626,976.21","146,889,832"
2020-07-31,"5,953,761","210,436,131","-9,091,600","19,303,006.09","144,918,278"
2020-07-30,"5,882,978","215,707,482","-3,483,420","19,130,347.10","142,552,031"
2020-07-29,"5,900,556","221,220,518","-7,361,090","18,593,701.98","140,337,101"
2020-07-28,"7,749,667","348,922,817","-8,370,550","17,948,722.84","138,876,699"
2020-07-27,"6,497,324","256,612,208","6,736,610","17,579,822.73","139,996,783"
2020-07-24,"7,302,839","268,423,485","-10,497,260","16,152,212.56","138,401,299"
2020-07-23,"6,566,842","228,150,200","-8,889,500","16,457,167.96","139,584,119"
2020-07-22,"6,475,848","226,256,572","-2,660,610","16,368,564.98","137,640,381"
2020-07-21,"6,781,208","225,623,414","11,367,500","15,540,562.85","136,527,738"
2020-07-20,"5,326,683","176,439,351","3,665,900","14,190,793.96","134,743,559"
2020-07-17,"5,938,809","200,271,062","740,400","14,448,593.42","134,843,023"
2020-07-16,"5,770,300","199,619,270","-6,353,010","14,391,467.02","136,339,367"
2020-07-15,"6,756,734","240,427,292","3,508,460","14,934,643.93","134,816,884"
2020-07-14,"6,197,831","205,369,887","-5,945,350","15,288,609.96","135,373,135"
2020-07-13,"6,140,389","211,132,055","4,113,290","15,376,142.78","135,268,907"
2020-07-10,"7,031,694","261,020,496","-136,240","15,120,253.19","132,684,802"
2020-07-09,"6,645,387","252,727,573","-6,523,240","16,601,332.20","134,325,213"
2020-07-08,"6,363,746","242,676,395","-4,695,090","16,906,182.81","132,556,243"
2020-07-07,"7,651,045","277,506,544","4,028,210","17,350,915.67","128,914,662"
2020-07-06,"7,916,423","252,079,466","19,745,410","17,743,032.75","128,455,971"
2020-07-03,"6,484,752","218,879,744","9,596,680","17,879,166.65","127,145,160"
2020-07-02,"6,091,006","191,309,888","2,538,610","17,990,945.02","126,921,751"
2020-07-01,"5,812,063","193,056,259","2,836,160","18,235,769.24","125,684,607"
2020-06-30,"5,238,990","196,560,077","6,256,060","17,946,294.46","125,774,758"
2020-06-29,"5,483,857","209,325,359","-13,628,640","18,851,629.34","124,989,092"
2020-06-24,"5,087,067","203,293,937","8,495,560","19,887,479.21","123,729,272"
2020-06-23,"5,731,275","206,506,974","4,510,090","20,754,396.17","123,194,289"
2020-06-22,"5,081,058","183,481,627","2,038,280","20,802,471.66","122,805,591"
2020-06-19,"6,809,199","252,381,616","-10,361,370","21,134,810.55","122,117,617"
2020-06-18,"5,589,608","185,906,443","2,073,850","21,939,337.83","120,911,220"
2020-06-17,"5,429,872","175,689,967","3,227,800","21,839,806.03","119,555,907"
2020-06-16,"5,551,224","183,111,896","18,069,440","21,722,402.14","118,148,449"
2020-06-15,"5,612,526","178,403,622","-15,241,420","22,155,902.60","117,603,294"
2020-06-12,"6,821,881","198,490,678","-464,530","21,700,095.62","116,855,485"
2020-06-11,"7,133,820","241,095,735","257,000","23,431,579.11","116,516,671"
2020-06-10,"5,625,828","191,956,930","9,850,440","23,792,174.98","118,253,277"
2020-06-09,"5,177,011","175,551,998","5,931,410","23,112,713.71","117,747,826"
2020-06-08,"6,425,750","204,483,479","8,271,750","23,581,636.53","117,848,845"
2020-06-05,"5,782,637","181,156,372","7,388,820","23,745,651.55","118,181,406"
2020-06-04,"5,944,102","203,655,766","4,790,810","23,715,885.88","117,647,157"
2020-06-03,"6,431,206","214,594,995","17,538,720","23,247,436.95","117,217,907"
2020-06-02,"4,974,734","182,409,278","972,380","22,894,270.93","116,375,035"
2020-06-01,"4,975,164","169,563,746","14,995,050","22,595,929.62","116,315,578"
2020-05-29,"5,508,327","215,603,913","-11,264,640","21,915,431.94","116,399,048"
2020-05-28,"5,239,764","173,084,681","-7,333,810","21,890,975.98","115,475,470"
2020-05-27,"4,721,324","157,944,246","93,630","22,418,067.72","115,689,043"
2020-05-26,"5,106,168","182,416,463","14,259,160","22,853,819.57","115,836,834"
2020-05-25,"4,139,816","148,792,998","-4,291,590","21,677,950.49","115,848,938"
2020-05-22,"5,054,277","178,399,370","-27,809,650","21,818,540.89","114,660,654"
2020-05-21,"4,885,891","172,218,053","1,377,840","22,341,987.32","114,376,990"
2020-05-20,"4,509,534","172,537,826","3,707,190","21,892,083.96","113,368,374"
2020-05-19,"5,142,779","189,282,766","4,480,610","20,882,755.99","112,604,574"
2020-05-18,"4,741,087","195,170,626","-15,558,510","20,720,478.16","111,962,755"
2020-05-15,"4,835,287","176,429,392","-413,300","21,400,921.62","111,113,160"
2020-05-14,"5,561,899","188,103,842","-17,084,320","21,493,193.76","111,223,644"
2020-05-13,"4,751,016","168,204,611","-5,379,650","21,451,286.04","112,396,868"
2020-05-12,"5,014,964","174,437,565","-24,343,030","21,158,244.47","112,035,510"
2020-05-11,"5,458,626","169,831,280","2,397,650","21,253,453.68","110,800,080"
2020-05-08,"5,098,107","187,830,439","-3,834,960","21,126,547.15","110,189,579"
2020-05-07,"4,780,230","168,677,762","-1,279,220","21,100,168.42","109,793,243"
2020-05-06,"5,314,704","182,668,855","-6,188,440","20,958,718.62","108,459,553"
2020-05-05,"4,705,783","179,302,767","-11,994,600","20,775,955.87","108,565,552"
2020-05-04,"5,765,177","191,090,738","-36,375,110","19,851,479.51","106,589,473"
2020-04-30,"6,546,009","231,771,127","18,071,440","20,271,311.80","104,468,347"
2020-04-29,"5,678,828","194,424,601","18,109,560","19,546,348.54","104,287,230"
2020-04-28,"5,400,871","183,487,725","-1,883,770","19,095,635.26","104,407,728"
2020-04-27,"5,540,788","178,798,337","16,942,460","18,681,547.47","104,706,471"
2020-04-24,"4,052,771","126,359,985","-5,506,620","17,714,710.92","104,271,364"
2020-04-23,"4,677,068","155,989,400","-3,927,610","16,919,194.07","103,244,765"
2020-04-22,"5,260,027","153,403,171","-3,945,090","15,406,490.73","102,149,783"
2020-04-21,"5,920,573","184,801,965","-23,583,020","14,770,427.38","100,356,304"
2020-04-20,"3,968,793","136,536,624","292,560","14,708,780.61","99,813,359"
2020-04-17,"6,364,036","233,224,931","18,294,510","13,317,355.01","98,351,065"
2020-04-16,"4,829,966","157,665,481","-13,116,050","11,885,127.53","99,244,391"
2020-04-15,"5,647,516","194,914,556","-3,589,290","10,478,819.51","97,878,953"
2020-04-14,"5,363,296","158,014,679","14,381,620","8,756,785.43","97,272,061"
2020-04-13,"4,698,370","118,924,338","-7,480,240","8,080,083.95","96,541,564"
2020-04-10,"4,155,990","122,337,105","-731,100","8,401,368.45","95,742,704"
2020-04-09,"5,230,196","165,338,167","-6,970,100","8,544,195.29","95,101,888"
2020-04-08,"5,578,131","170,685,529","737,240","8,839,494.74","94,221,101"
2020-04-07,"5,596,397","174,156,363","3,606,100","8,880,941.27","93,311,901"
2020-04-06,"5,242,549","153,193,812","2,090,030","8,839,233.19","93,198,504"
2020-04-01,"4,180,562","120,542,519","-4,244,330","9,672,617.87","91,965,082"
2020-03-31,"4,717,261","147,168,293","-5,832,030","10,797,336.29","91,898,116"
2020-03-30,"4,590,872","128,514,846","-5,266,760","10,696,248.14","91,735,632"
2020-03-27,"5,715,888","181,693,587","-8,414,440","11,702,268.57","90,597,443"
2020-03-26,"4,963,011","154,234,507","8,348,850","11,435,735.40","90,070,895"
2020-03-25,"6,311,030","184,585,853","-1,886,660","11,151,178.48","90,396,732"
2020-03-24,"5,685,711","154,892,630","4,479,350","10,606,236.34","91,572,274"
2020-03-23,"5,434,939","154,051,713","-13,648,100","10,168,564.42","91,279,809"
2020-03-20,"8,313,012","237,073,888","-21,265,150","10,128,769.54","92,220,848"
2020-03-19,"10,417,337","271,179,217","-18,256,970","9,829,405.04","92,860,542"
2020-03-18,"7,506,547","212,304,696","-27,209,090","10,719,605.47","104,665,009"
2020-03-17,"8,206,236","237,969,022","-20,046,940","10,002,790.28","107,945,457"
2020-03-16,"7,645,539","211,160,705","-31,794,490","11,233,504.56","112,578,043"
2020-03-13,"11,980,302","303,651,583","-31,034,000","10,152,415.13","115,133,183"
2020-03-12,"10,401,683","271,170,545","-35,324,650","13,558,623.15","125,553,878"
2020-03-11,"7,389,097","177,658,190","-20,741,000","17,173,594.13","132,879,667"
2020-03-10,"8,600,866","207,753,829","-10,765,260","16,553,218.16","133,333,231"
2020-03-09,"9,368,411","232,670,776","-51,018,280","17,982,248.68","134,380,915"
2020-03-06,"5,659,175","151,478,312","-27,646,320","20,214,927.70","136,590,736"
2020-03-05,"5,060,603","145,957,940","-872,380","20,216,686.63","135,199,398"
2020-03-04,"5,039,075","140,735,268","5,652,900","19,559,415.06","136,136,454"
2020-03-03,"6,007,281","165,018,977","-13,841,920","19,485,096.43","136,118,844"
2020-03-02,"7,284,842","203,206,893","-18,640,650","18,244,136.87","135,502,070"
2020-02-27,"7,211,740","203,459,785","-21,389,330","18,880,173.29","135,383,736"
2020-02-26,"6,218,057","177,077,021","-32,036,980","21,488,159.80","137,491,108"
2020-02-25,"5,387,661","155,487,337","-10,692,400","22,329,694.07","136,719,106"
2020-02-24,"5,394,033","140,297,223","-24,973,120","22,541,584.91","135,766,883"
2020-02-21,"4,500,184","124,945,301","-4,366,370","22,842,218.14","135,057,110"
2020-02-20,"4,743,317","135,314,329","-8,178,510","23,129,306.16","135,469,063"
2020-02-19,"4,774,544","141,749,977","3,330,500","22,501,358.61","135,306,401"
2020-02-18,"4,315,111","141,306,676","-20,028,200","22,567,446.77","134,695,869"
2020-02-17,"4,165,125","116,030,224","-4,508,220","22,862,555.73","133,245,455"
2020-02-14,"3,926,585","113,097,286","1,609,160","23,428,414.21","132,634,590"
2020-02-13,"4,996,699","141,066,311","2,685,100","22,725,774.07","132,022,032"
2020-02-12,"4,891,074","150,442,446","6,636,400","22,179,235.29","132,112,833"
2020-02-11,"4,548,297","123,195,472","-1,147,920","21,181,475.67","132,272,598"
2020-02-10,"4,891,318","132,002,862","-4,058,710","20,194,555.22","131,943,059"
2020-02-07,"4,677,911","129,883,684","-8,351,290","20,953,368.89","132,011,188"
2020-02-06,"5,395,679","144,678,569","5,705,130","21,458,864.32","132,425,843"
2020-02-05,"5,469,767","158,156,237","-659,310","20,394,911.37","131,600,187"
2020-02-04,"5,734,166","161,727,671","-3,422,270","19,616,679.91","132,099,808"
2020-02-03,"7,052,356","184,492,196","1,918,420","17,367,723.83","132,373,395"
2020-01-31,"5,699,273","176,694,486","-15,390,610","18,545,230.68","135,246,689"
2020-01-30,"8,369,093","277,631,291","-16,701,880","19,383,670.56","136,524,947"
2020-01-20,"3,495,615","116,198,930","5,552,470","24,039,572.26","140,555,113"
2020-01-17,"3,942,939","134,195,435","-1,483,760","24,539,101.06","142,473,094"
2020-01-16,"3,843,280","141,203,446","-3,697,200","25,032,632.85","142,946,160"
2020-01-15,"4,161,534","152,559,255","-7,932,660","25,026,069.22","142,497,224"
2020-01-14,"4,865,029","154,164,387","4,740,710","25,282,954.40","141,942,489"
2020-01-13,"4,685,839","143,488,572","10,772,010","24,187,126.20","142,462,752"
2020-01-10,"4,171,337","128,936,009","7,083,330","23,595,188.20","142,894,286"
2020-01-09,"4,490,694","134,259,818","5,903,050","22,869,452.74","143,743,596"
2020-01-08,"5,076,957","150,679,445","-686,140","21,639,632.74","143,692,800"
2020-01-07,"4,659,753","166,420,714","-9,390,440","22,163,310.20","144,594,678"
2020-01-06,"4,679,171","144,304,046","-9,288,270","24,691,428.89","145,461,073"
2020-01-03,"5,527,302","193,759,680","-193,660","25,653,316.87","144,617,307"
2020-01-02,"4,335,855","142,714,556","-3,915,520","26,119,746.22","145,604,279"
2019-12-31,"3,475,032","118,037,040","-9,121,980","25,403,604.45","145,431,752"
2019-12-30,"3,867,671","125,543,905","-1,796,590","25,268,379.09","144,925,446"
2019-12-27,"3,729,441","109,059,597","7,564,350","25,134,936.33","144,353,811"
2019-12-26,"3,176,657","100,793,909","29,600","24,742,136.66","144,426,825"
2019-12-25,"3,174,857","91,222,874","1,231,160","24,627,125.35","143,810,915"
2019-12-24,"3,313,869","104,132,655","1,086,610","24,172,746.59","143,392,176"
2019-12-23,"3,756,921","114,310,880","1,959,290","23,612,295.95","143,392,676"
2019-12-20,"4,682,666","170,595,065","-4,561,430","23,415,370.55","143,413,441"
2019-12-19,"4,222,936","137,759,496","-6,949,800","23,609,689.50","143,051,171"
2019-12-18,"4,817,570","150,630,121","5,299,450","23,391,163.86","142,709,334"
2019-12-17,"5,325,369","156,572,873","9,715,380","23,070,866.19","142,563,079"
2019-12-16,"5,076,417","144,848,980","2,178,720","22,582,191.27","142,749,127"
2019-12-13,"5,505,203","173,186,306","14,248,520","21,836,227.65","141,443,224"
2019-12-12,"4,768,917","154,407,168","9,293,280","22,260,074.69","141,120,627"
2019-12-11,"4,024,932","128,994,346","4,022,150","22,038,061.68","140,955,199"
2019-12-10,"4,100,752","105,487,530","-2,583,390","21,546,077.05","140,960,832"
2019-12-09,"4,433,349","123,787,369","4,507,950","21,431,136.51","140,938,125"
2019-12-06,"3,900,027","112,574,170","3,467,010","21,332,478.18","141,326,706"
2019-12-05,"4,393,485","125,131,392","5,233,410","20,894,743.70","141,018,460"
2019-12-04,"3,834,439","109,493,399","-3,945,620","20,586,379.82","141,117,047"
2019-12-03,"3,791,301","109,779,766","4,739,540","20,859,363.03","141,001,712"
2019-12-02,"4,295,183","114,881,791","4,331,310","20,442,223.65","140,673,101"
2019-11-29,"4,447,827","121,432,338","-11,536,210","20,971,156.02","141,069,092"
2019-11-28,"3,930,383","106,271,341","2,090,340","21,848,998.61","140,690,731"
2019-11-27,"4,334,379","109,927,474","2,801,540","21,515,681.25","140,100,799"
2019-11-26,"5,309,655","201,967,550","580,580","21,189,447.69","139,876,020"
2019-11-25,"3,954,172","113,532,597","1,989,340","20,894,710.24","140,169,551"
2019-11-22,"3,669,395","109,457,156","-125,810","20,696,472.75","139,936,273"
2019-11-21,"3,940,917","121,873,241","-10,130,680","20,203,087.71","139,881,730"
2019-11-20,"3,845,936","118,273,530","2,772,690","20,669,800.87","139,921,031"
2019-11-19,"4,131,971","123,621,007","10,916,250","20,632,862.91","139,997,868"
2019-11-18,"3,869,365","109,866,167","3,210,450","20,806,918.55","140,452,228"
2019-11-15,"4,272,058","131,944,670","4,708,930","20,911,732.51","140,487,539"
2019-11-14,"3,979,806","132,213,498","3,728,310","20,553,919.99","140,845,716"
2019-11-13,"3,533,002","116,677,434","-6,195,420","20,369,124.51","141,795,631"
2019-11-12,"3,791,823","119,562,602","5,094,710","19,309,563.90","141,095,003"
2019-11-11,"4,657,136","153,909,682","4,558,140","19,613,479.71","140,637,625"
2019-11-08,"4,256,500","141,593,376","1,555,860","20,320,968.53","141,740,475"
2019-11-07,"4,416,657","141,648,261","5,294,540","19,968,533.44","141,301,935"
2019-11-06,"5,054,923","161,159,025","7,607,490","20,924,301.35","141,365,914"
2019-11-05,"4,832,472","156,219,278","12,135,570","21,011,194.08","140,896,818"
2019-11-04,"5,039,807","158,495,071","12,136,450","20,378,938.28","141,395,612"
2019-11-01,"4,127,358","137,456,384","7,854,000","19,492,445.85","141,168,404"
2019-10-31,"4,573,175","156,079,436","7,075,280","19,463,336.73","140,739,447"
2019-10-30,"3,839,427","125,156,943","7,369,740","19,346,985.75","141,418,320"
2019-10-29,"4,323,618","146,743,840","6,055,880","19,034,582.81","140,688,756"
2019-10-28,"3,817,458","117,562,128","6,297,240","19,732,797.58","140,954,603"
2019-10-25,"4,168,409","130,442,292","3,385,680","19,957,871.49","140,700,201"
2019-10-24,"4,619,088","143,341,066","13,741,330","20,051,991.28","140,729,698"
2019-10-23,"4,355,567","140,827,621","4,336,530","19,783,575.52","140,526,982"
2019-10-22,"4,030,052","127,442,197","14,884,110","19,919,694.22","140,568,400"
2019-10-21,"3,463,242","103,208,482","5,113,080","19,580,282.12","140,080,266"
2019-10-18,"4,569,104","146,372,635","6,113,550","19,583,887.86","139,116,523"
2019-10-17,"4,076,737","123,696,605","9,227,660","19,497,212.07","138,678,065"
2019-10-16,"4,714,707","148,047,483","9,455,150","19,429,969.61","137,764,433"
2019-10-15,"4,269,306","137,604,344","4,986,550","19,347,297.25","137,081,600"
2019-10-14,"5,403,098","162,700,159","11,612,270","19,105,642.27","136,214,303"
2019-10-09,"4,030,996","130,464,899","-7,667,620","18,280,028.31","137,093,797"
2019-10-08,"4,035,566","131,019,533","8,728,940","18,884,889.17","136,410,033"
2019-10-07,"3,586,313","114,385,432","2,783,600","18,626,661.67","137,148,420"
2019-10-04,"3,672,471","123,565,120","-918,170","18,261,480.05","137,020,642"
2019-10-03,"4,266,892","121,716,042","-7,722,090","17,830,489.89","135,733,934"
2019-10-02,"3,889,705","116,950,886","2,436,020","17,895,481.52","134,260,212"
2019-10-01,"4,472,012","149,848,845","15,086,980","17,144,742.36","133,219,205"
2019-09-27,"4,211,145","124,771,598","2,908,710","16,631,219.75","133,180,126"
2019-09-26,"3,878,756","116,018,960","-737,060","17,230,997.13","133,401,615"
2019-09-25,"3,880,868","106,259,302","-2,679,340","17,170,216.92","132,952,867"
2019-09-24,"3,872,481","109,707,784","1,463,290","17,521,287.05","133,203,273"
2019-09-23,"3,976,565","106,841,123","2,330,700","17,842,595.86","133,104,294"
2019-09-20,"4,712,806","147,979,569","4,078,040","17,734,325.26","132,100,630"
2019-09-19,"4,094,709","114,671,100","1,464,370","17,457,036.92","131,571,510"
2019-09-18,"4,380,465","130,465,246","17,216,460","16,784,998.99","131,553,318"
2019-09-17,"4,238,580","117,546,611","3,955,300","16,372,271.05","132,218,739"
2019-09-16,"4,390,073","119,576,475","7,846,710","15,950,835.82","131,968,288"
2019-09-12,"4,330,422","120,872,609","6,927,200","15,520,195.67","131,798,760"
2019-09-11,"4,310,865","119,937,917","7,300,120","15,242,562.30","131,621,061"
2019-09-10,"4,475,712","121,338,149","2,599,560","14,777,167.72","131,449,056"
2019-09-09,"4,543,925","116,733,239","3,899,550","15,603,159.29","131,591,872"
2019-09-06,"4,827,692","131,307,111","8,998,040","15,694,333.12","131,919,201"
2019-09-05,"6,013,120","154,662,076","15,401,080","15,747,931.71","131,725,665"
2019-09-04,"4,338,123","107,093,494","4,533,400","14,957,643.64","132,678,960"
2019-09-03,"4,043,809","105,576,630","-7,090,220","14,776,065.94","132,154,672"
2019-09-02,"4,333,278","105,848,766","3,151,460","14,852,905.66","131,530,592"
2019-08-30,"5,323,560","148,217,313","13,870,830","14,656,520.37","130,834,025"
2019-08-29,"3,866,814","104,248,701","-1,495,300","14,118,071.56","131,402,182"
2019-08-28,"3,597,431","102,092,710","1,899,180","13,679,180.29","130,897,155"
2019-08-27,"4,120,194","123,691,150","-8,530,590","13,096,509.40","130,642,617"
2019-08-26,"4,862,207","117,049,586","-13,844,030","12,630,520.47","130,071,511"
2019-08-23,"3,942,656","110,007,554","-1,530,780","13,229,064.87","130,083,617"
2019-08-22,"4,396,250","123,271,367","-3,054,790","13,254,519.80","130,280,535"
2019-08-21,"3,932,448","111,080,424","-2,099,450","12,646,027.78","130,061,601"
2019-08-20,"4,542,661","121,491,792","-3,207,280","12,472,827.17","129,604,687"
2019-08-19,"4,574,050","120,476,924","-3,870,600","12,606,907.90","129,607,594"
2019-08-16,"4,700,960","120,048,343","-10,965,930","12,618,114.82","129,040,796"
2019-08-15,"5,071,669","123,132,995","-6,724,610","12,480,971.93","128,677,848"
2019-08-14,"5,037,463","146,152,949","-2,365,010","12,799,643.60","129,080,111"
2019-08-13,"4,522,361","119,357,519","-7,810,710","12,426,150.37","128,854,834"
2019-08-12,"4,517,408","126,685,737","-4,247,550","12,851,944.37","128,748,368"
2019-08-08,"4,470,132","124,081,823","1,821,070","12,576,336.07","128,672,398"
2019-08-07,"4,468,033","121,765,614","-13,173,560","11,504,597.62","128,421,268"
2019-08-06,"6,008,242","146,038,029","-5,591,690","10,378,830.06","128,126,758"
2019-08-05,"4,911,728","129,390,816","-14,195,950","11,107,569.83","129,421,193"
2019-08-02,"5,675,601","159,939,135","-19,036,460","11,128,988.29","129,602,865"
2019-08-01,"4,521,619","131,058,984","-14,415,280","12,389,277.40","130,798,961"
2019-07-31,"4,476,398","131,643,019","-2,834,170","11,870,533.60","129,796,696"
2019-07-30,"4,493,608","131,409,613","984,120","11,541,739.97","129,003,501"
2019-07-29,"3,873,144","105,524,746","-4,414,570","12,093,567.56","130,495,176"
2019-07-26,"4,227,775","111,794,836","-5,547,470","11,991,953.39","129,917,611"
2019-07-25,"5,034,848","133,885,703","1,865,590","11,802,772.24","129,482,225"
2019-07-24,"4,789,346","133,129,096","-264,800","11,218,612.06","128,700,183"
2019-07-23,"4,564,947","127,879,150","624,950","11,085,684.07","128,379,020"
2019-07-22,"4,435,604","118,654,132","4,530,980","11,069,572.65","127,715,293"
2019-07-19,"4,502,161","123,566,684","6,776,320","10,798,992.94","127,119,535"
2019-07-18,"4,212,328","106,205,765","-3,975,930","11,104,683.70","127,188,242"
2019-07-17,"4,588,257","116,341,167","-3,159,430","11,041,427.69","126,768,617"
2019-07-16,"4,451,418","119,695,164","794,730","11,300,763.42","126,377,719"
2019-07-15,"4,625,135","120,541,529","312,020","11,398,381.04","125,877,592"
2019-07-12,"4,559,013","122,217,270","-1,160,410","11,341,595.22","125,600,635"
2019-07-11,"4,997,530","132,057,394","4,526,940","11,497,655","125,277,424"
2019-07-10,"4,044,852","104,197,474","1,663,970","11,473,163.74","125,583,255"
2019-07-09,"3,474,464","94,204,036","-3,514,480","11,022,531.51","125,493,992"
2019-07-08,"3,738,945","97,082,027","-4,868,130","11,116,019.49","125,226,760"
2019-07-05,"3,400,302","86,511,212","64,680","11,527,740.56","124,489,714"
2019-07-04,"3,797,646","98,158,438","2,104,770","11,594,025.87","124,285,598"
2019-07-03,"4,246,162","112,714,237","-7,380,480","11,333,631.40","123,194,315"
2019-07-02,"4,295,548","120,716,164","-4,575,330","11,897,159.01","122,489,025"
2019-07-01,"4,985,631","145,664,096","5,942,950","12,135,146.42","121,849,815"
2019-06-28,"3,449,967","91,418,249","-2,469,110","11,730,326.71","122,834,550"
2019-06-27,"4,490,875","126,742,374","12,284,840","12,302,459.52","122,526,188"
2019-06-26,"3,364,138","87,513,870","-1,515,530","11,987,094.70","123,032,151"
2019-06-25,"3,891,025","101,431,614","-853,240","12,102,603.69","122,692,176"
2019-06-24,"3,629,979","97,539,681","3,213,270","12,391,098.57","122,376,185"
2019-06-21,"5,345,671","152,619,676","5,027,310","12,601,253.92","122,165,289"
2019-06-20,"5,022,058","129,170,844","6,584,570","12,993,785.60","122,189,072"
2019-06-19,"5,034,596","142,307,299","16,378,350","13,105,754.28","122,504,543"
2019-06-18,"3,103,689","80,983,143","1,386,550","12,766,455.42","123,767,752"
2019-06-17,"3,248,850","89,501,173","-3,390,160","13,019,497.80","124,079,242"
2019-06-14,"3,216,009","85,539,324","-3,302,320","13,541,669.77","123,951,486"
2019-06-13,"3,784,953","97,958,419","-7,367,550","13,572,987.75","124,082,725"
2019-06-12,"4,188,927","103,154,377","-285,970","13,710,613.93","123,556,469"
2019-06-11,"5,029,081","123,163,832","2,392,300","13,715,083.93","123,226,939"
2019-06-10,"4,262,145","109,286,849","8,017,960","13,880,229.43","123,970,844"
2019-06-06,"3,670,200","99,333,308","-1,490,350","13,554,922.93","124,629,557"
2019-06-05,"3,685,787","99,778,803","-872,690","13,873,714.19","124,750,208"
2019-06-04,"3,485,945","89,544,975","-5,110,400","12,958,859.69","124,624,211"
2019-06-03,"3,979,301","97,423,329","4,406,010","12,772,103.80","124,516,719"
2019-05-31,"4,760,031","126,396,386","1,329,370","12,674,020.40","124,168,779"
2019-05-30,"3,904,131","99,248,430","-2,775,680","12,161,851.22","124,970,792"
2019-05-29,"3,819,679","95,440,591","-5,410,880","12,046,095.47","124,352,056"
2019-05-28,"4,917,736","154,867,598","-6,492,770","11,709,968.19","124,189,162"
2019-05-27,"3,577,828","92,744,163","-3,729,070","11,608,408.34","124,510,553"
2019-05-24,"3,884,772","103,058,356","-8,279,240","11,592,921.87","124,607,875"
2019-05-23,"4,354,371","119,229,076","-9,689,770","11,306,901.03","124,641,281"
2019-05-22,"3,769,296","96,097,987","-10,269,790","11,787,963.39","124,851,732"
2019-05-21,"4,519,183","129,860,209","-7,548,550","10,986,755.67","124,666,736"
2019-05-20,"3,996,675","108,640,936","-3,223,100","11,328,295.01","124,751,634"
2019-05-17,"4,828,248","132,151,992","-8,223,940","11,120,991.52","125,364,156"
2019-05-16,"4,299,212","114,790,379","-12,693,570","11,397,363.79","125,519,455"
2019-05-15,"4,224,701","115,662,192","-12,985,100","10,377,510.13","125,546,207"
2019-05-14,"5,244,992","140,099,246","-10,338,240","9,517,642.45","125,360,107"
2019-05-13,"4,080,948","114,276,157","-3,627,110","10,503,736.04","126,445,131"
2019-05-10,"4,735,426","125,459,729","-4,960,760","10,371,681.48","127,689,589"
2019-05-09,"5,190,749","141,861,985","-18,029,460","10,346,592.27","128,994,855"
2019-05-08,"4,126,259","110,640,781","-7,130,700","11,036,828.33","130,057,325"
2019-05-07,"3,849,934","112,796,898","-778,720","11,224,114.23","130,428,483"
2019-05-06,"5,130,836","138,858,511","-12,377,830","10,466,189","130,544,088"
2019-05-03,"3,875,733","116,072,003","2,605,580","11,176,057.98","132,380,085"
2019-05-02,"3,605,687","104,259,649","5,377,220","10,889,310.93","131,703,036"
2019-04-30,"3,705,946","108,627,534","964,780","10,270,761.92","131,269,926"
2019-04-29,"4,142,692","121,164,845","-1,101,590","9,716,977.62","131,013,854"
2019-04-26,"4,397,096","113,932,922","-6,061,570","9,489,990.53","132,316,614"
2019-04-25,"4,082,642","115,604,479","781,910","9,489,713.84","132,786,903"
2019-04-24,"4,274,070","126,239,529","-553,620","9,027,708.76","132,503,286"
2019-04-23,"4,014,010","111,934,322","2,569,160","8,350,829.89","131,904,747"
2019-04-22,"4,430,982","112,071,814","428,280","7,850,135.08","131,980,149"
2019-04-19,"4,472,499","128,772,067","8,063,610","7,739,837.48","130,674,861"
2019-04-18,"5,725,981","181,195,006","1,346,040","7,999,109.34","130,100,500"
2019-04-17,"5,520,963","169,230,514","8,421,950","8,128,193.44","130,416,758"
2019-04-16,"5,035,157","132,926,575","5,518,760","7,462,856.24","129,466,618"
2019-04-15,"4,604,440","120,260,529","3,811,680","7,255,368.16","129,445,528"
2019-04-12,"4,364,261","121,020,256","1,527,450","7,708,567.31","128,860,191"
2019-04-11,"5,053,919","140,396,632","-4,824,180","7,947,164.51","129,030,084"
2019-04-10,"4,653,211","131,467,142","-885,560","8,288,978.31","128,343,428"
2019-04-09,"5,083,146","139,655,298","3,886,980","8,681,950.79","127,567,032"
2019-04-08,"5,397,269","160,156,378","5,850,140","9,257,302.03","128,066,251"
2019-04-03,"4,099,474","117,965,064","2,233,080","10,038,114.98","127,764,482"
2019-04-02,"4,649,133","135,411,470","7,487,480","12,014,035.60","127,734,681"
2019-04-01,"5,543,097","154,423,252","7,611,710","12,655,749","127,884,294"
2019-03-29,"4,735,272","123,798,869","4,493,110","13,323,823.39","127,909,569"
2019-03-28,"3,801,407","90,628,313","-265,090","13,742,109.63","127,979,459"
2019-03-27,"4,025,702","105,485,684","-2,353,200","13,915,273.74","128,258,693"
2019-03-26,"3,852,511","105,336,000","757,520","15,876,687.91","128,200,743"
2019-03-25,"4,477,541","109,522,974","-5,684,510","16,286,227.56","127,728,328"
2019-03-22,"4,800,555","131,795,028","3,414,130","17,717,091.37","128,253,960"
2019-03-21,"4,144,837","112,872,190","9,063,970","18,849,890.92","128,007,218"
2019-03-20,"4,276,095","119,306,189","5,308,730","19,254,453.05","127,613,516"
2019-03-19,"4,461,990","118,590,384","-673,860","19,268,562.19","126,759,362"
2019-03-18,"4,363,088","116,798,768","3,986,140","19,915,979.26","126,556,329"
2019-03-15,"5,087,001","154,553,510","4,685,180","20,375,716.12","126,437,034"
2019-03-14,"4,103,823","115,597,463","-2,756,730","20,587,125.62","125,918,877"
2019-03-13,"3,739,561","97,359,550","2,511,180","20,466,833.43","125,528,947"
2019-03-12,"4,177,042","111,136,196","2,235,390","20,384,748.26","124,969,930"
2019-03-11,"3,727,319","94,174,979","-9,978,680","20,308,931.71","124,643,124"
2019-03-08,"4,256,028","105,782,677","-11,580,550","20,179,830.78","123,601,778"
2019-03-07,"4,271,904","108,824,382","-4,764,580","21,385,196.03","123,356,055"
2019-03-06,"3,747,917","101,391,533","2,170,180","22,329,373.94","124,083,722"
2019-03-05,"3,898,184","106,043,539","-5,706,900","22,148,419.63","123,914,923"
2019-03-04,"4,682,754","141,139,736","-2,431,640","22,436,330.21","122,488,087"
2019-02-27,"4,527,551","137,560,785","3,643,990","22,386,996.46","121,259,651"
2019-02-26,"5,028,654","140,713,916","2,662,220","23,684,315.42","121,157,778"
2019-02-25,"5,156,758","135,427,392","7,616,720","23,728,652.32","121,248,837"
2019-02-22,"4,345,793","117,573,674","1,379,790","23,373,885.84","121,991,413"
2019-02-21,"4,884,960","124,999,488","3,703,050","23,636,006.53","121,576,286"
2019-02-20,"4,830,625","134,467,143","8,936,480","23,824,686.82","121,171,346"
2019-02-19,"4,208,666","105,312,904","1,015,540","23,687,801.46","120,720,421"
2019-02-18,"4,301,150","107,917,758","4,888,960","23,443,607","120,571,480"
2019-02-15,"4,550,944","114,028,492","-4,014,350","23,201,433.31","120,188,421"
2019-02-14,"4,646,306","113,623,368","-1,302,130","23,418,576.65","119,879,875"
2019-02-13,"5,252,463","140,519,410","3,417,570","23,395,876.74","119,846,678"
2019-02-12,"5,050,706","125,126,587","9,852,940","23,228,715.17","119,075,621"
2019-02-11,"4,608,242","134,792,174","12,432,620","22,946,878.87","117,985,418"
2019-01-30,"3,297,972","103,214,672","878,280","21,968,305.32","117,815,687"
2019-01-29,"3,378,364","90,336,972","-1,875,430","22,495,271.18","120,037,871"
2019-01-28,"3,871,048","95,630,191","5,615,930","23,537,675.25","120,573,530"
2019-01-25,"4,394,588","113,788,983","15,477,390","23,861,386.44","120,976,341"
2019-01-24,"3,207,913","86,041,842","2,283,100","23,924,982.04","122,231,723"
2019-01-23,"2,835,523","67,550,341","581,800","23,622,704.65","122,237,859"
2019-01-22,"3,237,523","79,010,747","1,448,530","23,800,471.31","122,647,282"
2019-01-21,"3,914,447","93,904,025","4,568,490","23,943,864.33","122,724,174"
2019-01-18,"3,833,530","97,921,400","4,546,910","23,783,091.07","123,090,720"
2019-01-17,"3,795,594","93,111,194","1,108,370","23,711,029.74","124,008,688"
2019-01-16,"4,098,793","96,069,073","-2,205,200","23,777,653.12","124,322,672"
2019-01-15,"3,985,662","100,502,894","8,894,310","23,652,810.36","124,530,658"
2019-01-14,"3,305,220","72,773,851","-3,949,020","23,123,994.51","124,995,281"
2019-01-11,"3,875,542","95,336,079","5,757,280","23,001,200.45","124,525,971"
2019-01-10,"3,944,590","89,312,480","-500,100","23,013,289.53","125,281,224"
2019-01-09,"5,087,083","128,770,567","11,515,970","23,040,211.55","124,940,400"
2019-01-08,"3,442,382","78,623,715","-652,760","22,835,955.25","126,038,300"
2019-01-07,"4,278,680","93,583,260","8,593,870","22,490,234.66","126,066,881"
2019-01-04,"4,641,922","108,007,521","-9,056,580","21,408,022.49","126,154,518"
2019-01-03,"3,909,333","91,094,097","-7,701,520","22,856,911.86","127,018,381"
2019-01-02,"3,181,887","72,547,773","-8,223,440","22,991,625.03","127,343,170"
2018-12-28,"3,102,573","74,821,387","3,600,860","22,825,881.80","126,389,435"
2018-12-27,"3,676,346","82,030,943","7,215,800","22,923,808.25","126,705,211"
2018-12-26,"3,101,879","69,620,545","-2,646,960","22,407,908.13","127,307,401"
2018-12-25,"3,588,943","73,621,130","-4,389,600","21,911,837.74","127,358,619"
2018-12-24,"3,036,249","69,036,778","-2,438,790","22,562,981.96","128,021,141"
2018-12-22,"2,329,327","38,712,598","-1,035,200","22,540,879.39","128,193,191"
2018-12-21,"4,678,645","112,464,585","-3,591,180","22,594,088.81","128,537,339"
2018-12-20,"4,259,530","95,625,770","-5,064,710","23,419,936.92","128,616,235"
2018-12-19,"3,976,346","91,299,708","3,231,420","23,722,701.22","129,079,452"
2018-12-18,"4,276,570","96,717,303","-4,399,080","23,587,089.20","129,102,143"
2018-12-17,"3,650,943","80,679,374","693,280","23,795,741.34","128,884,518"
2018-12-14,"3,931,391","97,548,330","-5,540,180","23,597,987.84","128,507,471"
2018-12-13,"4,546,795","113,887,601","1,618,290","23,977,314.35","128,232,523"
2018-12-12,"4,137,436","102,401,002","-2,349,500","23,917,129.71","129,001,654"
2018-12-11,"3,653,814","92,803,242","-4,777,850","23,910,772.57","128,628,074"
2018-12-10,"4,266,647","100,498,342","-7,794,910","23,512,397.28","128,311,477"
2018-12-07,"3,942,174","99,263,597","-4,836,210","24,689,889.73","128,341,870"
2018-12-06,"5,646,459","144,302,607","-18,647,460","24,112,746.67","127,551,632"
2018-12-05,"4,775,470","115,520,209","-9,815,170","25,050,723.19","127,199,781"
2018-12-04,"5,608,425","145,775,659","-3,918,540","25,862,066.36","126,123,958"
2018-12-03,"6,946,878","170,729,899","4,894,780","25,951,579.87","125,595,484"
2018-11-30,"6,607,048","171,330,290","512,260","25,739,862.47","125,642,083"
2018-11-29,"5,863,859","144,250,279","-1,295,860","26,040,080.12","125,227,994"
2018-11-28,"5,413,428","128,734,696","2,706,730","25,960,633.57","125,433,411"
2018-11-27,"4,333,008","101,892,393","-3,767,820","26,202,623.15","125,510,541"
2018-11-26,"3,938,988","91,104,691","5,330,450","26,789,164.48","124,800,348"
2018-11-23,"3,712,052","77,557,383","520,020","26,261,329.26","124,900,965"
2018-11-22,"4,054,665","99,885,638","-1,025,020","26,493,736.77","125,102,514"
2018-11-21,"4,168,359","102,767,422","721,030","25,946,458.73","124,777,202"
2018-11-20,"3,958,878","94,008,900","-5,952,200","26,159,952.92","124,609,976"
2018-11-19,"4,034,353","93,254,848","3,951,070","26,241,512.33","123,989,266"
2018-11-16,"4,804,811","118,255,028","-894,430","26,342,818.89","124,280,599"
2018-11-15,"4,542,438","98,471,208","2,479,100","26,167,822.84","124,486,554"
2018-11-14,"4,771,348","104,728,193","-642,210","25,874,096.53","124,096,468"
2018-11-13,"5,100,040","113,499,302","1,771,590","24,688,712.76","123,935,723"
2018-11-12,"4,124,137","91,773,138","1,331,430","25,694,221.74","124,591,343"
2018-11-09,"4,442,314","102,758,206","-3,711,970","25,720,184.48","124,526,808"
2018-11-08,"5,069,149","120,542,918","4,186,760","25,805,510.79","124,210,948"
2018-11-07,"4,947,603","118,542,249","5,813,420","24,947,367.26","125,423,368"
2018-11-06,"4,909,283","119,195,612","-3,279,540","24,562,902.58","125,479,440"
2018-11-05,"4,881,248","108,896,623","1,150,240","24,264,429.83","125,002,175"
2018-11-02,"6,166,533","153,949,424","4,123,030","23,885,789.46","124,846,217"
2018-11-01,"5,494,351","128,962,572","2,841,890","23,369,793.82","125,322,260"
2018-10-31,"5,330,499","132,007,293","9,227,660","22,926,825.60","126,597,348"
2018-10-30,"4,538,617","101,211,393","898,210","22,041,219.36","127,200,275"
2018-10-29,"4,694,880","106,914,160","2,017,420","21,831,752.65","128,263,246"
2018-10-26,"5,138,373","132,856,048","-1,359,820","21,305,336.24","128,577,170"
2018-10-25,"5,692,966","132,317,833","-7,613,930","20,577,424.10","130,343,268"
2018-10-24,"5,256,076","124,922,171","-5,863,950","21,770,738.83","130,486,082"
2018-10-23,"4,586,506","103,403,340","-10,722,710","21,689,647.94","131,030,936"
2018-10-22,"4,612,358","102,262,156","-2,758,630","21,192,381.57","130,718,058"
2018-10-19,"5,105,938","126,617,932","-2,914,500","20,540,347.09","131,475,297"
2018-10-18,"3,934,317","97,721,028","-2,715,340","21,396,337.20","131,792,388"
2018-10-17,"4,428,849","115,453,288","-4,636,880","21,147,542.74","131,916,946"
2018-10-16,"4,364,437","108,949,107","-8,807,690","19,770,435.63","136,228,164"
2018-10-15,"4,747,150","118,262,085","-16,471,860","18,243,823.07","136,240,651"
2018-10-12,"5,971,925","148,226,100","-4,155,040","17,162,252.32","136,613,789"
2018-10-11,"8,106,979","209,449,508","-27,460,570","17,637,751.22","140,202,198"
2018-10-09,"4,697,177","122,748,305","-4,100,410","19,476,624.55","150,596,313"
2018-10-08,"4,568,330","126,873,773","-7,620,600","18,772,630.68","153,013,861"
2018-10-05,"5,546,633","150,512,774","-5,349,120","18,931,847.07","154,207,867"
2018-10-04,"4,190,095","113,254,815","-12,246,680","20,626,632.25","157,807,736"
2018-10-03,"3,933,472","101,057,612","329,680","20,477,245.53","157,968,719"
2018-10-02,"4,364,344","108,518,025","-12,080,630","20,134,104.61","160,043,798"
2018-10-01,"3,999,456","93,893,565","2,228,970","20,357,213.99","159,855,350"
2018-09-28,"4,882,600","139,261,965","1,773,960","20,534,952.46","159,732,713"
2018-09-27,"4,678,006","123,961,237","11,542,400","20,722,292.66","159,013,310"
2018-09-26,"4,424,515","108,035,162","-663,370","20,278,514.37","159,189,742"
2018-09-25,"4,454,281","116,239,959","4,293,180","20,000,739.93","159,551,288"
2018-09-21,"5,329,716","159,611,079","13,007,790","20,135,358.40","159,538,863"
2018-09-20,"4,812,017","135,188,750","4,926,260","19,903,570.99","159,344,734"
2018-09-19,"4,940,750","133,093,371","9,242,180","19,078,118.09","160,523,240"
2018-09-18,"4,614,731","118,127,603","2,060,240","18,465,507.57","161,238,413"
2018-09-17,"4,052,796","91,029,213","-426,160","18,631,340.76","161,262,242"
2018-09-14,"4,848,643","129,180,686","9,311,340","18,505,763.27","161,364,955"
2018-09-13,"4,279,561","115,705,658","2,956,040","18,158,466.19","161,284,391"
2018-09-12,"4,602,769","125,287,499","1,437,030","17,644,786.03","161,755,681"
2018-09-11,"4,711,558","129,754,226","2,556,280","17,926,772.34","163,504,021"
2018-09-10,"5,324,887","156,527,620","4,494,330","17,998,662.88","164,489,875"
2018-09-07,"5,429,698","153,258,481","1,117,830","18,960,899.75","168,990,893"
2018-09-06,"4,796,498","131,740,185","316,060","19,729,801.08","172,158,167"
2018-09-05,"4,513,317","118,944,366","-2,862,450","19,496,791.04","172,722,181"
2018-09-04,"4,170,510","117,853,372","3,808,260","18,775,021.59","172,584,583"
2018-09-03,"4,234,197","113,149,801","-1,405,500","19,272,252.15","172,710,636"
2018-08-31,"4,458,244","121,926,331","3,723,360","19,771,687.44","172,969,010"
2018-08-30,"4,462,463","115,793,123","4,262,210","19,525,116.88","172,891,653"
2018-08-29,"4,557,454","120,526,738","13,044,380","19,106,302.12","172,380,726"
2018-08-28,"4,739,152","129,737,861","7,747,340","18,434,002.23","172,485,668"
2018-08-27,"4,313,459","106,200,531","7,962,720","17,860,067.64","172,738,853"
2018-08-24,"4,249,499","97,695,889","-2,514,760","17,575,455.59","173,520,631"
2018-08-23,"4,769,725","101,167,446","3,647,170","17,141,440.50","173,689,710"
2018-08-22,"4,728,591","98,684,270","-1,839,350","16,776,155.41","173,743,091"
2018-08-21,"4,727,595","113,743,078","4,489,000","16,703,130.46","173,297,761"
2018-08-20,"4,629,729","114,720,456","3,805,030","15,873,617.46","174,109,829"
2018-08-17,"4,989,296","128,279,832","-5,301,950","15,607,053.44","175,820,710"
2018-08-16,"5,550,144","141,685,591","558,190","14,912,067.57","175,887,282"
2018-08-15,"5,519,384","135,552,390","-2,354,740","14,558,915.63","176,637,578"
2018-08-14,"5,398,052","138,415,095","-632,300","13,877,985.91","177,542,721"
2018-08-13,"6,399,194","159,608,935","-2,967,890","13,705,964.31","177,950,075"
2018-08-10,"5,009,261","125,593,948","-2,566,830","15,541,122.56","182,675,577"
2018-08-09,"5,319,750","126,556,723","-1,469,560","15,811,068.96","184,155,079"
2018-08-08,"5,558,289","142,566,416","8,977,170","16,025,284.04","184,174,805"
2018-08-07,"5,150,225","120,856,104","-2,246,030","15,805,697.65","184,395,023"
2018-08-06,"5,237,227","116,686,424","-1,471,410","15,503,847.73","184,636,086"
2018-08-03,"4,935,006","137,475,362","1,803,250","15,591,402.69","183,954,233"
2018-08-02,"6,199,124","142,253,008","-4,522,150","15,124,848.31","183,920,647"
2018-08-01,"5,996,017","145,469,717","1,561,340","15,885,863.38","184,068,936"
2018-07-31,"5,767,326","159,012,560","-48,110","15,248,734.84","183,688,855"
2018-07-30,"5,483,470","126,647,470","778,050","15,968,688.48","184,238,602"
2018-07-27,"5,679,074","126,262,979","7,112,580","16,509,407.34","183,962,797"
2018-07-26,"5,644,454","134,168,718","2,611,720","16,267,451.46","183,661,674"
2018-07-25,"5,563,011","124,312,361","-1,609,130","15,611,610.17","183,845,971"
2018-07-24,"5,925,802","146,033,668","-407,590","15,028,300.82","183,062,713"
2018-07-23,"5,548,013","150,448,335","5,075,530","14,104,636.06","182,936,018"
2018-07-20,"5,917,717","167,651,344","6,909,050","13,966,429.97","183,658,999"
2018-07-19,"5,902,184","144,649,020","243,820","14,088,011.63","184,186,733"
2018-07-18,"6,625,523","165,937,571","8,159,670","13,729,096.81","184,295,052"
2018-07-17,"5,769,752","135,389,500","1,524,110","13,554,293.53","185,110,364"
2018-07-16,"5,842,702","126,569,125","-3,454,760","13,413,551.80","185,133,920"
2018-07-13,"6,738,061","145,303,027","2,063,890","13,756,528.71","184,512,327"
2018-07-12,"5,983,221","132,744,462","353,440","12,942,484.59","184,390,782"
2018-07-11,"5,545,633","132,016,894","-8,312,630","11,664,976.59","183,991,414"
2018-07-10,"6,300,857","127,040,565","2,529,040","11,840,700.69","183,640,236"
2018-07-09,"6,127,736","140,225,810","5,272,710","11,004,304.13","184,185,248"
2018-07-06,"6,165,283","161,645,296","-4,038,910","10,163,456.66","184,165,179"
2018-07-05,"5,359,021","132,502,133","-5,579,240","11,341,526.83","185,841,758"
2018-07-04,"5,478,787","123,784,042","1,527,560","12,461,617.12","186,734,528"
2018-07-03,"6,742,265","172,611,739","-8,074,620","12,737,431.58","186,878,539"
2018-07-02,"6,297,627","144,870,963","-7,537,200","14,711,177.96","188,711,261"
2018-06-29,"5,905,588","141,594,795","2,411,210","14,365,595.41","188,908,817"
2018-06-28,"5,819,485","133,002,640","-8,163,760","14,246,669.25","188,790,080"
2018-06-27,"6,039,482","149,207,924","-11,624,190","14,607,870.33","189,557,236"
2018-06-26,"6,545,486","143,021,090","-5,870,480","14,069,605.73","189,687,065"
2018-06-25,"5,583,981","126,908,693","-8,557,910","14,577,932.96","190,913,482"
2018-06-22,"6,466,160","151,619,099","-9,915,680","14,803,716.22","191,193,316"
2018-06-21,"6,238,887","138,276,089","-9,226,250","15,886,285.94","190,852,949"
2018-06-20,"7,461,838","181,021,666","-7,307,570","15,262,399.87","190,869,450"
2018-06-19,"7,290,686","172,031,564","-20,669,260","18,713,340.12","192,429,041"
2018-06-15,"7,438,455","193,352,959","-9,565,650","20,159,886.22","192,416,534"
2018-06-14,"7,130,242","166,993,820","-14,196,400","20,150,779.82","191,365,367"
2018-06-13,"7,532,863","179,178,883","235,150","20,918,984.23","190,294,050"
2018-06-12,"7,363,237","183,166,804","-3,999,890","23,583,042.50","189,895,910"
2018-06-11,"6,544,815","156,306,058","401,810","23,575,902.76","188,844,519"
2018-06-08,"7,457,434","162,884,808","-3,710,240","23,085,625.50","187,675,163"
2018-06-07,"8,651,462","190,317,533","4,894,900","23,749,145.88","186,167,904"
2018-06-06,"8,106,541","173,111,511","10,918,300","23,851,831.51","185,409,523"
2018-06-05,"7,768,901","164,355,099","2,083,390","22,440,322.10","184,319,522"
2018-06-04,"7,608,946","157,570,196","7,266,670","22,699,978.62","184,532,609"
2018-06-01,"6,791,499","141,333,015","2,439,640","21,972,967.57","184,203,856"
2018-05-31,"8,683,904","239,264,232","-2,910,930","22,128,778.69","183,679,503"
2018-05-30,"7,427,700","163,634,132","-15,401,930","21,682,348.75","183,100,284"
2018-05-29,"6,779,308","140,619,373","-5,130,090","22,344,063.67","182,312,467"
2018-05-28,"6,798,818","141,152,746","2,142,660","22,565,862.30","182,311,699"
2018-05-25,"6,446,493","128,991,067","-527,810","22,238,685.67","181,242,902"
2018-05-24,"6,331,255","127,685,157","429,310","21,452,948.68","181,155,075"
2018-05-23,"6,751,995","139,732,804","-1,864,520","21,113,750.61","180,057,251"
2018-05-22,"7,244,202","134,650,037","-944,950","19,049,807.28","179,781,782"
2018-05-21,"7,127,060","127,521,035","3,002,650","20,309,185.16","179,049,115"
2018-05-18,"6,809,564","127,800,499","913,420","19,150,031.24","178,510,865"
2018-05-17,"6,908,232","133,938,722","-3,019,050","19,041,640.30","177,465,368"
2018-05-16,"7,224,691","138,999,702","-13,490","20,384,299.18","176,554,202"
2018-05-15,"7,275,156","154,261,858","-667,710","20,466,092.80","175,441,654"
2018-05-14,"7,222,849","145,417,795","7,784,080","20,240,684.97","174,598,999"
2018-05-11,"7,399,223","165,763,227","7,894,060","18,996,376.40","174,021,966"
2018-05-10,"7,062,376","139,276,989","2,980,430","19,065,690.66","174,716,186"
2018-05-09,"7,074,991","135,741,987","1,084,450","17,930,258.51","174,213,128"
2018-05-08,"7,064,737","133,691,609","-454,030","16,711,673.85","173,907,350"
2018-05-07,"6,108,995","126,046,786","-2,591,080","16,842,618.48","174,756,236"
2018-05-04,"5,653,857","120,828,141","-3,188,180","15,683,831.37","174,860,759"
2018-05-03,"5,841,156","124,397,511","-10,333,260","15,569,352.96","174,534,563"
2018-05-02,"6,324,416","129,078,743","-5,184,530","14,990,195.75","174,455,551"
2018-04-30,"6,128,822","119,038,565","-243,790","14,331,186.67","173,481,679"
2018-04-27,"5,884,380","120,026,035","192,560","12,175,316.42","174,089,603"
2018-04-26,"6,642,525","141,386,508","-3,449,260","12,025,856.53","173,542,011"
2018-04-25,"6,351,251","136,776,817","-6,706,140","10,408,335.73","175,453,910"
2018-04-24,"6,782,959","160,373,738","-7,807,090","10,397,062.28","175,729,366"
2018-04-23,"6,051,313","137,009,845","-12,045,740","11,402,083.71","177,913,482"
2018-04-20,"6,806,918","158,059,140","-20,556,630","10,427,985.62","177,946,064"
2018-04-19,"7,111,365","155,729,651","5,371,330","11,851,983.15","176,915,143"
2018-04-18,"6,543,380","148,687,299","-1,588,240","11,139,627.87","176,309,065"
2018-04-17,"6,616,520","153,987,086","-8,828,430","10,138,812.88","175,657,201"
2018-04-16,"6,409,388","127,095,002","-1,717,330","10,245,862.71","176,896,588"
2018-04-13,"6,238,785","125,811,095","-1,257,960","9,317,716.32","175,923,764"
2018-04-12,"5,611,874","110,833,659","-5,549,970","9,185,053.94","175,851,451"
2018-04-11,"6,297,419","130,018,447","-1,188,190","8,833,326.19","175,040,565"
2018-04-10,"6,989,937","144,177,716","2,067,830","8,673,647.16","175,176,219"
2018-04-09,"5,779,699","132,385,651","-579,310","8,841,754.32","175,275,933"
2018-04-03,"5,301,492","117,219,886","-8,985,820","9,157,508.29","174,123,852"
2018-04-02,"5,336,474","103,301,333","-1,809,060","10,515,478.93","173,790,310"
2018-03-31,"4,423,640","76,778,668","143,520","10,875,612.74","173,498,042"
2018-03-30,"5,834,021","115,009,982","1,724,690","10,845,203.03","172,947,692"
2018-03-29,"5,468,779","117,736,719","-12,258,920","11,427,814.43","172,933,431"
2018-03-28,"5,690,925","117,816,773","-8,451,200","12,178,338.02","171,973,875"
2018-03-27,"6,348,820","131,333,756","2,621,980","14,166,438.32","171,333,625"
2018-03-26,"5,643,019","120,769,811","-8,000,580","14,751,287.56","170,699,750"
2018-03-23,"6,868,559","149,767,336","-7,255,380","15,310,729.36","169,718,485"
2018-03-22,"7,131,905","149,800,516","4,405,420","17,384,286.48","171,529,803"
2018-03-21,"6,342,379","132,782,995","-1,404,790","18,194,334","171,881,975"
2018-03-20,"5,751,472","111,608,927","-19,110","18,216,851.33","171,462,472"
2018-03-19,"5,611,915","112,041,452","2,546,750","19,117,347.15","170,687,032"
2018-03-16,"6,617,225","168,157,244","1,450,560","19,617,217.35","170,384,969"
2018-03-15,"5,841,194","112,950,142","-2,405,170","20,350,806.42","170,310,296"
2018-03-14,"5,974,563","120,081,381","-7,577,720","20,460,812.36","168,889,851"
2018-03-13,"6,549,500","134,213,112","8,939,570","20,810,564.75","167,965,335"
2018-03-12,"6,991,178","141,140,409","12,720,930","20,560,015.28","167,630,213"
2018-03-09,"6,282,166","125,066,858","-1,459,500","20,153,278.09","167,802,628"
2018-03-08,"6,378,116","121,435,965","-550,170","20,896,132.26","167,928,803"
2018-03-07,"5,642,178","123,353,694","-843,800","21,016,049.85","166,627,755"
2018-03-06,"5,085,558","112,678,730","4,207,740","21,051,868.50","167,223,929"
2018-03-05,"5,336,510","113,690,333","-10,124,050","21,035,991.89","166,920,715"
2018-03-02,"5,540,635","111,337,800","-15,464,630","21,191,470.75","166,131,836"
2018-03-01,"6,409,193","131,952,100","-2,469,860","21,780,199.39","165,713,658"
2018-02-27,"6,624,161","139,740,113","-1,060,390","21,551,950.17","165,285,041"
2018-02-26,"6,063,669","122,253,496","567,950","20,971,187.22","164,722,840"
2018-02-23,"6,362,066","127,871,324","2,768,460","20,334,296.13","163,240,363"
2018-02-22,"6,153,849","128,207,701","-5,587,780","19,188,597.13","162,465,528"
2018-02-21,"6,062,820","155,037,933","9,620,120","17,350,981.49","161,023,154"
2018-02-12,"4,309,653","110,415,124","-18,608,620","15,491,246.34","160,769,766"
2018-02-09,"6,421,173","151,991,264","-19,084,540","15,278,749.95","162,109,934"
2018-02-08,"6,101,573","121,754,444","-7,359,950","17,481,067.23","166,382,732"
2018-02-07,"7,521,254","175,737,274","-15,373,110","17,978,601.80","167,440,253"
2018-02-06,"10,480,219","242,496,529","-31,159,000","16,949,305.68","167,360,845"
2018-02-05,"6,014,356","130,163,584","-8,814,990","21,888,563.42","174,927,156"
2018-02-02,"5,567,454","121,022,800","-799,840","24,022,448.30","176,131,246"
2018-02-01,"6,159,445","122,834,128","1,575,280","24,105,392.43","176,495,454"
2018-01-31,"6,625,691","135,776,167","2,575,580","23,830,314.82","176,408,120"
2018-01-30,"6,737,209","139,209,942","-2,400,590","23,928,238.70","176,629,087"
2018-01-29,"6,316,563","132,365,985","2,651,760","24,817,925.84","177,230,152"
2018-01-26,"6,638,578","138,815,076","1,409,130","24,403,824.31","176,897,464"
2018-01-25,"7,802,501","163,780,823","7,451,880","24,793,782.06","176,626,827"
2018-01-24,"7,272,231","148,083,916","2,587,400","24,794,516.83","175,822,999"
2018-01-23,"7,873,977","164,930,930","4,004,300","25,010,175.55","175,017,978"
2018-01-22,"7,242,725","150,580,321","3,459,650","25,442,960.81","175,448,878"
2018-01-19,"6,276,312","137,049,962","8,965,190","25,183,528.67","175,184,102"
2018-01-18,"7,149,380","152,080,528","10,138,750","25,195,296.66","175,345,350"
2018-01-17,"7,468,213","148,599,645","9,933,240","24,869,509.62","174,899,326"
2018-01-16,"6,569,860","132,985,393","3,768,200","24,886,639.61","174,918,265"
2018-01-15,"6,273,636","127,032,486","1,590,880","24,608,777.58","174,270,634"
2018-01-12,"6,419,338","128,002,316","-95,790","24,532,729.83","174,371,320"
2018-01-11,"5,956,643","124,656,557","-1,389,370","23,948,760.87","174,679,942"
2018-01-10,"6,815,293","139,187,895","-3,825,830","23,375,237.32","174,871,348"
2018-01-09,"6,453,410","133,211,413","-536,950","23,955,781.49","174,861,382"
2018-01-08,"6,747,313","139,301,785","4,990,370","24,020,050.72","174,872,203"
2018-01-05,"6,715,972","144,004,915","4,955,640","24,561,710.67","174,968,827"
2018-01-04,"6,740,175","143,686,958","6,030,900","24,314,592.49","174,476,468"
2018-01-03,"6,544,990","141,723,704","3,540,700","23,285,195.23","173,292,462"
2018-01-02,"5,393,557","104,485,978","8,143,710","22,572,556.12","173,181,100"
2017-12-29,"5,349,314","109,938,213","6,967,550","22,056,182.11","172,997,211"
2017-12-28,"5,457,228","110,344,378","6,786,040","21,896,088.66","173,003,727"
2017-12-27,"4,919,533","92,597,567","2,816,360","21,345,999.58","172,732,446"
2017-12-26,"5,063,760","97,562,886","-2,490,690","20,731,563.40","172,947,810"
2017-12-25,"4,356,973","81,617,030","689,640","21,980,220.24","173,923,428"
2017-12-22,"4,591,388","91,994,484","1,211,160","22,300,989.72","173,793,889"
2017-12-21,"5,089,181","99,221,790","-2,938,210","22,316,136.41","173,421,712"
2017-12-20,"5,084,408","103,871,766","-511,680","22,539,517.83","172,901,183"
2017-12-19,"5,098,487","112,683,186","-5,545,260","22,397,802.02","172,726,317"
2017-12-18,"4,588,561","96,046,418","5,160","22,344,360.09","172,872,112"
2017-12-15,"5,727,664","126,673,478","-4,128,200","22,368,402.32","172,763,233"
2017-12-14,"5,600,785","113,661,041","3,069,410","22,467,152.64","172,558,779"
2017-12-13,"5,215,130","103,929,164","-800,480","22,078,114.67","172,358,186"
2017-12-12,"5,475,479","108,920,588","-4,795,740","21,434,412.58","172,094,120"
2017-12-11,"6,037,430","117,916,623","-3,693,040","21,202,742.97","172,044,819"
2017-12-08,"6,220,995","130,820,598","-2,068,880","20,167,680.97","171,620,547"
2017-12-07,"6,593,705","138,535,637","-6,203,530","20,157,467.43","172,672,921"
2017-12-06,"7,215,142","161,324,617","-10,509,150","21,393,677.97","173,451,148"
2017-12-05,"6,970,138","146,624,864","-1,021,560","22,899,912.86","174,358,869"
2017-12-04,"6,430,784","129,855,154","-1,380,630","23,599,255.01","175,542,607"
2017-12-01,"7,933,236","181,374,846","-6,760,490","23,139,625.20","174,870,257"
2017-11-30,"8,809,780","233,550,933","-13,351,400","24,090,232.99","174,570,876"
2017-11-29,"6,677,175","135,641,952","-6,094,800","25,069,701.83","174,375,425"
2017-11-28,"6,703,436","142,467,877","-8,211,370","24,382,478.99","173,391,589"
2017-11-27,"6,542,165","135,371,906","-7,892,250","24,477,832.08","172,836,923"
2017-11-24,"6,581,726","128,775,377","-1,417,770","24,600,873.59","172,346,917"
2017-11-23,"6,616,309","130,565,718","2,215,180","24,675,520.57","170,770,289"
2017-11-22,"8,528,991","180,091,845","8,839,050","24,415,211.69","169,259,310"
2017-11-21,"7,053,601","138,856,976","5,029,720","23,765,899.69","168,418,082"
2017-11-20,"5,807,282","110,548,858","-3,695,830","23,577,947.86","167,846,970"
2017-11-17,"5,974,753","128,443,868","1,246,730","23,940,638.24","167,736,774"
2017-11-16,"5,341,731","106,258,098","-2,545,580","22,817,788.25","168,011,713"
2017-11-15,"5,744,455","129,463,951","-12,786,090","22,497,207.27","167,763,116"
2017-11-14,"6,180,626","125,450,282","1,059,230","22,550,013.95","167,236,684"
2017-11-13,"6,384,150","129,786,130","2,906,160","22,648,518.58","167,923,117"
2017-11-10,"5,788,395","120,387,676","-1,838,910","22,782,426.22","168,300,727"
2017-11-09,"6,796,045","148,810,975","-2,101,920","23,454,407.89","167,827,546"
2017-11-08,"5,841,076","121,301,420","-3,469,750","24,776,360.67","168,552,392"
2017-11-07,"6,076,222","127,711,097","135,220","24,580,077.88","167,922,582"
2017-11-06,"5,351,919","113,506,433","-3,071,170","23,739,001.82","168,303,749"
2017-11-03,"5,322,948","115,901,236","-710,150","23,492,186.98","167,560,686"
2017-11-02,"5,623,447","119,936,692","-982,970","23,250,425.47","167,303,816"
2017-11-01,"5,922,894","129,426,685","-1,768,600","23,361,569.26","166,764,231"
2017-10-31,"5,326,084","119,064,708","-1,809,630","22,812,896.46","166,087,281"
2017-10-30,"5,553,482","125,069,645","2,995,850","22,069,007.01","164,666,373"
2017-10-27,"6,671,349","149,096,652","-1,263,800","22,468,260.01","165,012,545"
2017-10-26,"5,218,891","112,492,410","421,500","23,658,641.76","166,869,760"
2017-10-25,"5,508,162","120,240,229","-159,740","23,516,332.43","166,728,953"
2017-10-24,"5,237,811","111,985,940","442,480","23,327,349.13","166,570,851"
2017-10-23,"4,926,106","105,641,792","888,060","23,137,154.99","166,246,950"
2017-10-20,"5,337,213","126,369,607","2,856,410","23,116,861.78","165,631,173"
2017-10-19,"5,461,982","119,853,553","3,815,340","23,586,267.80","165,562,343"
2017-10-18,"5,743,037","137,887,349","3,260,170","22,684,660.38","165,697,004"
2017-10-17,"5,300,574","121,200,574","256,160","23,392,833.91","166,388,182"
2017-10-16,"5,697,392","126,832,090","4,055,660","23,765,360.01","166,768,050"
2017-10-13,"5,252,705","123,502,674","2,460,270","23,585,820.60","166,082,149"
2017-10-12,"5,367,696","126,234,928","6,497,170","23,042,238.98","165,733,902"
2017-10-11,"5,950,658","156,055,654","10,476,240","22,554,594.93","165,338,102"
2017-10-06,"4,669,025","109,117,143","2,257,230","22,815,023.28","165,070,892"
2017-10-05,"4,672,633","106,536,506","2,978,110","22,722,349.32","165,096,983"
2017-10-03,"4,790,980","109,420,203","-4,076,780","22,262,935.41","164,080,318"
2017-10-02,"4,720,525","101,571,488","1,372,190","22,000,857.97","163,434,701"
2017-09-30,"3,583,409","54,278,685","330,780","21,047,367.69","162,992,385"
2017-09-29,"4,925,439","101,796,738","4,337,320","20,205,923.19","162,570,133"
2017-09-28,"5,003,507","107,640,220","-7,975,160","20,346,284.98","163,440,389"
2017-09-27,"5,280,623","110,708,660","-1,584,410","20,148,579.31","162,602,340"
2017-09-26,"5,758,755","123,610,817","-8,369,540","19,020,601.03","162,268,649"
2017-09-25,"5,784,894","132,130,208","-4,240,340","19,654,821.34","163,836,915"
2017-09-22,"5,727,401","122,302,198","-8,259,600","20,887,342.72","164,898,073"
2017-09-21,"5,569,265","121,796,308","-5,718,600","20,638,681.03","165,603,070"
2017-09-20,"5,895,804","131,844,817","-3,858,600","20,489,817.58","164,934,355"
2017-09-19,"6,625,270","140,825,604","-5,793,820","21,285,081.83","164,627,753"
2017-09-18,"6,950,033","135,735,383","3,031,570","21,689,251.46","164,583,742"
2017-09-15,"6,482,820","158,750,379","-1,005,190","21,102,433.94","163,599,317"
2017-09-14,"5,522,954","123,687,874","-2,582,170","20,621,208.60","163,336,516"
2017-09-13,"5,853,111","130,257,893","-8,956,130","20,224,920.02","162,431,989"
2017-09-12,"5,769,101","126,290,984","-2,659,580","20,865,896.19","162,147,068"
2017-09-11,"5,920,435","132,729,410","-3,085,540","21,479,145.66","161,046,413"
2017-09-08,"5,779,683","122,808,831","4,200,280","21,498,736.80","159,870,600"
2017-09-07,"6,412,690","132,970,074","-2,283,120","20,440,251.58","158,378,956"
2017-09-06,"6,210,529","130,345,356","-4,169,600","21,617,042.77","157,267,774"
2017-09-05,"5,873,609","120,738,411","-731,980","22,090,755.62","157,470,034"
2017-09-04,"5,498,749","106,969,189","-1,981,480","21,842,942.94","156,251,132"
2017-09-01,"6,064,861","115,511,578","1,163,220","22,022,503.10","156,107,143"
2017-08-31,"5,945,548","129,488,500","2,597,270","21,667,767.19","155,092,598"
2017-08-30,"5,901,288","121,497,579","4,022,600","21,571,792.95","153,824,967"
2017-08-29,"5,814,380","108,694,251","-3,439,650","21,012,746.93","152,433,219"
2017-08-28,"5,890,372","114,730,302","-1,557,080","20,834,190.69","150,909,296"
2017-08-25,"6,024,909","121,552,932","4,994,340","20,463,463.41","150,043,693"
2017-08-24,"5,808,139","117,767,099","7,973,800","20,511,429.71","151,386,003"
2017-08-23,"5,641,405","117,047,625","288,970","19,808,170.64","149,281,899"
2017-08-22,"5,549,157","110,914,846","4,043,380","19,003,078.59","149,219,957"
2017-08-21,"4,578,949","86,463,292","-2,953,040","17,924,349.29","148,442,474"
2017-08-18,"5,044,204","90,157,457","-5,273,380","17,406,158.24","147,874,816"
2017-08-17,"5,616,791","98,969,617","3,811,710","17,463,142.67","147,490,540"
2017-08-16,"5,191,539","100,488,470","-4,423,560","16,355,283.55","146,669,723"
2017-08-15,"5,054,840","95,342,619","2,364,270","15,679,532.46","145,874,306"
2017-08-14,"5,432,947","108,746,597","-2,036,300","15,119,695.88","146,214,470"
2017-08-11,"5,864,918","123,089,498","-8,800,240","15,322,786.59","147,876,631"
2017-08-10,"6,392,060","137,041,278","11,950","14,993,016.95","147,902,778"
2017-08-09,"5,456,480","112,648,284","-7,315,090","16,800,138.57","150,360,642"
2017-08-08,"5,985,191","134,259,290","-484,850","16,883,051.64","150,703,482"
2017-08-07,"5,672,576","128,044,126","85,770","17,970,070.95","150,708,339"
2017-08-04,"5,216,082","114,387,448","-750,980","17,747,780.26","149,543,782"
2017-08-03,"5,014,480","110,863,019","-4,798,540","17,308,847.20","148,826,655"
2017-08-02,"5,537,089","124,516,201","7,960,950","17,237,408.64","147,830,357"
2017-08-01,"5,390,357","113,018,512","-379,810","16,447,549.29","147,765,618"
2017-07-31,"4,379,828","96,853,698","-1,498,530","16,125,298.05","147,046,383"
2017-07-28,"4,504,894","98,797,187","-6,619,890","15,634,184.74","146,778,519"
2017-07-27,"5,521,768","110,444,483","6,254,560","16,039,662.59","146,882,981"
2017-07-26,"5,320,582","109,732,730","-2,334,690","15,549,670.80","146,349,319"
2017-07-25,"4,566,876","93,217,152","483,690","15,461,094.47","146,139,006"
2017-07-24,"3,935,837","82,964,547","1,540,200","15,016,212.80","146,190,920"
2017-07-21,"4,167,695","85,631,515","-4,721,170","14,822,617.10","145,827,783"
2017-07-20,"5,016,236","103,519,884","-981,160","15,143,679.71","145,261,605"
2017-07-19,"5,429,199","120,095,511","3,641,050","15,175,066.64","145,086,124"
2017-07-18,"4,840,898","97,241,737","2,557,300","15,136,683.78","145,741,874"
2017-07-17,"4,824,543","100,189,589","-201,200","14,841,918.53","145,011,618"
2017-07-14,"4,863,496","101,305,353","-2,819,040","14,405,709.37","145,481,526"
2017-07-13,"5,724,517","117,503,676","1,818,440","14,201,238.06","145,317,728"
2017-07-12,"5,099,777","112,288,665","3,145,510","13,941,100.58","144,665,312"
2017-07-11,"4,808,364","110,479,228","10,570,530","12,892,811.48","144,810,364"
2017-07-10,"3,961,608","82,621,691","-2,181,690","11,824,220.47","145,685,093"
2017-07-07,"3,741,612","83,791,845","-6,219,740","11,906,465.92","146,300,606"
2017-07-06,"3,994,714","87,544,601","-274,760","12,443,199.86","146,396,135"
2017-07-05,"4,293,552","84,959,839","-2,875,350","11,548,895.50","146,864,990"
2017-07-04,"4,893,991","92,728,204","-4,241,870","12,096,835.86","146,530,180"
2017-07-03,"4,453,084","85,666,492","-57,100","12,362,262.63","146,299,940"
2017-06-30,"4,536,306","95,304,784","407,900","12,418,754.89","145,870,144"
2017-06-29,"5,402,821","100,488,780","4,886,250","13,461,561.15","145,401,279"
2017-06-28,"6,023,213","124,947,255","-2,184,420","13,677,166.80","145,041,909"
2017-06-27,"5,598,438","114,683,454","251,820","14,218,698.69","144,879,644"
2017-06-26,"5,791,622","135,026,851","16,279,700","14,346,197.73","144,440,216"
2017-06-23,"4,289,799","91,395,185","-2,319,150","13,876,532.22","144,460,336"
2017-06-22,"4,738,922","97,969,279","2,582,650","14,313,621.56","144,006,177"
2017-06-21,"5,132,712","110,615,625","1,793,030","14,227,929.51","144,273,867"
2017-06-20,"4,530,397","94,891,334","1,763,150","14,347,103.86","143,667,214"
2017-06-19,"4,269,513","90,699,678","2,480,630","14,913,384.40","143,130,002"
2017-06-16,"4,404,312","98,019,446","2,834,390","15,294,143.62","142,848,715"
2017-06-15,"3,918,532","79,321,844","1,012,260","14,931,628.85","142,644,622"
2017-06-14,"4,552,307","101,455,590","-1,692,180","14,823,020.39","142,435,491"
2017-06-13,"3,602,428","82,706,434","-7,956,940","15,334,529.28","143,528,620"
2017-06-12,"3,985,616","91,468,337","-13,414,760","15,536,209.27","142,930,538"
2017-06-09,"4,677,580","104,458,110","-3,712,750","16,184,513.51","142,503,285"
2017-06-08,"4,040,636","86,075,208","3,177,130","15,997,425.93","142,458,106"
2017-06-07,"4,559,947","103,836,410","1,677,210","16,017,612.62","142,524,413"
2017-06-06,"4,293,252","87,145,486","1,182,980","15,978,985.67","142,849,032"
2017-06-05,"4,481,379","93,903,092","4,773,760","15,890,337.71","142,400,060"
2017-06-03,"2,798,294","46,104,007","87,170","15,788,979.42","142,066,652"
2017-06-02,"4,262,071","88,417,012","4,796,450","15,771,403.08","141,562,997"
2017-06-01,"3,935,374","82,752,107","2,693,380","15,479,908.07","141,395,890"
2017-05-31,"4,580,700","124,560,910","-4,819,120","15,238,389.38","140,971,606"
2017-05-26,"3,980,971","92,756,091","1,620,400","15,666,581.72","140,835,093"
2017-05-25,"4,485,613","96,385,707","5,103,530","15,977,670.01","140,864,682"
2017-05-24,"3,789,171","81,916,556","1,224,810","15,921,762.56","141,439,326"
2017-05-23,"3,817,250","81,086,827","2,069,200","15,665,517.98","141,306,180"
2017-05-22,"3,274,562","71,864,155","1,186,940","15,742,273.72","141,778,600"
2017-05-19,"3,537,228","70,709,301","-1,279,210","15,714,477.89","141,948,177"
2017-05-18,"3,876,042","84,073,982","-3,976,100","15,536,361.87","141,697,549"
2017-05-17,"3,899,312","84,228,391","1,246,760","15,886,168.54","141,438,780"
2017-05-16,"4,501,384","105,306,073","699,560","15,747,260.24","141,861,886"
2017-05-15,"4,120,343","88,454,721","449,520","15,758,678.67","141,534,205"
2017-05-12,"4,252,428","93,149,330","1,141,570","15,172,637.72","141,120,886"
2017-05-11,"4,597,490","98,480,520","3,999,860","15,065,647.45","141,540,416"
2017-05-10,"4,203,615","91,684,675","4,522,340","14,942,349.81","141,571,983"
2017-05-09,"4,803,642","109,938,759","5,196,460","14,410,171.76","141,321,940"
2017-05-08,"3,862,471","86,015,234","5,573,230","14,098,837.64","142,365,893"
2017-05-05,"3,702,206","75,879,221","-796,460","13,849,830.88","143,260,618"
2017-05-04,"3,579,143","75,709,450","4,875,720","13,559,453.83","143,381,272"
2017-05-03,"3,897,253","80,923,728","7,011,850","13,030,085.93","142,916,648"
2017-05-02,"4,583,066","113,398,815","11,046,770","12,937,466.77","143,194,787"
2017-04-28,"4,246,227","100,339,611","3,309,470","12,487,560.80","143,243,265"
2017-04-27,"3,886,027","83,500,011","3,718,680","11,991,577.70","143,082,497"
2017-04-26,"4,714,162","103,340,274","11,048,470","11,052,839.54","142,672,108"
2017-04-25,"4,424,779","93,438,289","12,901,400","10,442,343.14","142,296,216"
2017-04-24,"3,213,220","66,653,796","2,592,220","9,729,938.11","142,525,681"
2017-04-21,"3,539,298","71,141,764","2,524,760","9,137,180.82","142,629,978"
2017-04-20,"3,972,099","84,241,729","-605,920","9,312,317.92","142,680,040"
2017-04-19,"4,375,018","88,231,324","-10,379,170","8,757,869.69","143,012,000"
2017-04-18,"3,700,798","74,133,133","-40,460","8,456,284.90","142,631,746"
2017-04-17,"4,208,924","78,206,767","-2,400","7,577,165.12","142,517,505"
2017-04-14,"4,501,756","87,186,593","-2,290,780","7,204,028.02","142,908,958"
2017-04-13,"4,547,938","86,707,759","1,076,130","7,563,682.76","144,850,838"
2017-04-12,"4,590,275","90,024,264","2,462,510","7,248,433.91","144,344,473"
2017-04-11,"4,489,653","94,530,659","-329,130","7,783,168.37","144,806,919"
2017-04-10,"4,447,518","87,324,479","-1,169,010","7,965,465.97","145,389,580"
2017-04-07,"4,664,377","102,973,527","-4,994,650","8,142,268.65","144,535,691"
2017-04-06,"4,127,687","92,189,842","-503,390","10,981,350.86","144,440,206"
2017-04-05,"4,994,427","127,812,472","10,983,810","12,679,959.50","144,140,535"
2017-03-31,"4,182,990","104,067,378","-1,331,270","13,471,146.07","143,441,886"
2017-03-30,"4,255,899","91,751,321","2,042,030","14,603,607.91","143,405,753"
2017-03-29,"4,341,930","88,748,191","2,421,770","14,594,497.96","142,915,333"
2017-03-28,"4,833,690","104,679,452","12,276,260","15,249,701.86","142,292,013"
2017-03-27,"4,199,023","88,437,955","8,734,770","16,741,675.17","143,199,174"
2017-03-24,"4,184,614","89,295,142","1,992,550","17,612,041.15","144,117,890"
2017-03-23,"4,726,452","102,315,987","3,452,350","18,013,101.78","143,938,992"
2017-03-22,"4,437,300","97,448,772","510,080","18,184,830.70","142,965,857"
2017-03-21,"4,552,153","100,310,012","15,557,400","18,873,471.55","142,120,927"
2017-03-20,"4,203,851","84,500,561","2,852,950","18,838,366.45","142,392,481"
2017-03-17,"4,951,138","109,554,588","13,431,100","19,152,938.52","141,878,740"
2017-03-16,"4,560,309","95,550,625","12,193,850","19,153,143.79","141,704,750"
2017-03-15,"3,889,942","72,564,879","-281,840","18,999,521.71","142,035,654"
2017-03-14,"4,677,117","92,252,375","8,489,650","19,184,520.15","141,550,108"
2017-03-13,"4,101,677","82,907,786","5,745,530","19,015,726.36","141,518,375"
2017-03-10,"4,616,512","89,769,254","-5,151,560","18,503,543.38","142,012,508"
2017-03-09,"4,805,336","90,358,029","-10,462,000","19,162,871.11","142,125,651"
2017-03-08,"4,196,044","82,579,673","1,099,320","19,810,597.96","141,762,686"
2017-03-07,"3,874,251","71,771,505","1,160,100","19,868,765.66","141,409,790"
2017-03-06,"3,722,553","68,845,014","-1,322,250","19,795,274.08","141,187,672"
2017-03-03,"4,165,254","85,467,058","-4,593,250","19,855,042.66","140,854,804"
2017-03-02,"4,761,241","104,159,903","3,233,610","20,039,471.32","140,172,718"
2017-03-01,"4,352,913","99,915,928","-3,561,990","20,291,817.19","139,830,142"
2017-02-24,"4,221,089","92,653,105","-1,336,810","20,771,383.49","139,452,499"
2017-02-23,"4,655,622","101,065,671","4,918,250","20,982,676.94","138,700,087"
2017-02-22,"4,853,832","101,274,785","3,152,200","21,573,326.77","138,592,487"
2017-02-21,"4,604,650","90,064,360","7,589,640","21,448,670.57","138,205,786"
2017-02-20,"4,750,607","97,817,579","1,288,910","22,297,895.67","138,062,640"
2017-02-18,"3,411,356","61,980,819","755,760","22,773,689.55","138,331,589"
2017-02-17,"4,358,105","95,178,870","1,434,990","22,582,946.88","137,385,287"
2017-02-16,"5,167,818","108,303,272","3,186,640","22,393,378.19","136,700,263"
2017-02-15,"5,748,794","117,918,064","12,656,410","22,431,008.79","135,641,232"
2017-02-14,"5,531,133","113,724,121","5,427,070","22,131,257.91","134,449,994"
2017-02-13,"5,255,562","101,177,702","3,810,220","22,209,369.45","134,528,855"
2017-02-10,"6,240,806","136,811,826","5,421,180","22,114,902.98","134,145,402"
2017-02-09,"5,264,593","106,237,084","3,561,650","22,061,738.13","133,703,248"
2017-02-08,"5,300,856","110,729,308","-5,956,290","21,718,991.23","133,316,378"
2017-02-07,"4,932,873","95,709,593","3,212,040","21,767,750.75","132,032,721"
2017-02-06,"5,510,906","102,352,501","2,280,620","21,887,284.14","131,783,320"
2017-02-03,"5,068,371","102,335,722","-4,677,120","21,957,949.95","130,447,872"
2017-02-02,"5,119,534","147,930,853","326,200","22,110,666.24","129,194,577"
2017-01-24,"3,362,191","90,355,629","12,376,220","21,595,731.90","128,386,427"
2017-01-23,"3,219,340","78,442,540","10,383,480","21,239,209.13","130,091,974"
2017-01-20,"3,098,080","72,733,394","2,312,420","21,109,006.95","130,655,209"
2017-01-19,"3,614,825","81,677,909","-3,081,040","21,243,440.01","131,282,427"
2017-01-18,"3,744,987","77,677,598","1,689,910","21,565,249.72","131,203,022"
2017-01-17,"3,052,796","58,879,214","3,175,690","21,276,043.77","131,019,179"
2017-01-16,"3,066,709","58,354,654","-6,052,910","20,875,366.91","131,279,826"
2017-01-13,"3,293,064","72,909,568","627,920","21,182,597.06","131,432,991"
2017-01-12,"3,771,167","77,843,540","10,025,300","21,349,031.54","131,173,299"
2017-01-11,"3,680,625","73,941,460","3,801,600","21,198,427.63","131,545,630"
2017-01-10,"3,289,324","60,598,143","3,431,790","20,943,620.92","131,696,694"
2017-01-09,"3,551,476","64,708,958","888,250","20,759,629.64","131,922,914"
2017-01-06,"3,607,840","70,913,380","2,661,630","20,879,038.21","132,209,820"
2017-01-05,"3,925,580","77,570,633","2,949,270","20,685,399.17","131,974,415"
2017-01-04,"2,902,225","57,298,745","360,350","20,364,280.76","132,114,191"
2017-01-03,"2,490,220","46,113,898","-473,050","20,097,948.27","132,283,582"
2016-12-30,"2,740,107","57,440,768","6,861,180","20,146,461.76","132,336,254"
2016-12-29,"2,703,276","52,765,537","-1,645,300","19,929,158.06","132,992,870"
2016-12-28,"2,801,681","47,787,720","3,560,130","19,763,620.04","132,609,557"
2016-12-27,"2,082,870","33,728,533","-1,018,690","19,458,140.39","132,862,189"
2016-12-26,"2,047,647","32,303,039","-972,550","19,458,199.25","133,032,757"
2016-12-23,"2,935,828","53,371,654","-6,169,280","19,674,826.42","132,982,926"
2016-12-22,"3,277,666","58,285,930","-6,900,940","20,207,449.34","132,746,536"
2016-12-21,"3,195,514","59,331,527","-5,854,510","20,797,879.89","132,654,824"
2016-12-20,"3,372,611","60,343,314","-1,776,080","20,786,063.30","132,198,920"
2016-12-19,"3,156,197","58,090,807","-1,940,390","20,932,342.74","131,901,395"
2016-12-16,"3,675,553","80,406,391","-1,186,090","21,673,186.94","131,763,201"
2016-12-15,"3,836,100","71,903,813","1,895,710","21,617,869.68","131,272,532"
2016-12-14,"3,434,019","67,479,724","578,960","21,787,610.55","130,550,268"
2016-12-13,"3,812,248","70,197,974","3,570,140","21,652,069.07","130,207,557"
2016-12-12,"4,035,825","74,175,683","216,510","21,430,699.74","129,910,873"
2016-12-09,"3,964,574","78,068,803","6,839,430","21,513,920.40","130,004,284"
2016-12-08,"4,549,781","91,034,926","12,507,190","21,330,555.59","130,291,072"
2016-12-07,"3,636,815","66,724,838","1,981,140","21,130,485.25","130,040,177"
2016-12-06,"3,667,576","71,426,220","6,894,470","21,086,481.90","129,807,460"
2016-12-05,"3,391,496","63,592,584","-5,904,310","20,708,311.59","130,065,151"
2016-12-02,"3,786,805","76,297,964","-10,003,400","20,824,136.46","129,624,180"
2016-12-01,"4,136,060","75,155,573","312,550","21,296,981.49","128,937,073"
2016-11-30,"4,869,513","107,648,845","1,160,050","21,157,981.41","128,621,853"
2016-11-29,"4,314,651","75,711,056","-373,760","20,981,674.30","128,109,807"
2016-11-28,"4,250,435","72,592,036","4,199,810","20,867,325.12","127,675,250"
2016-11-25,"3,665,470","58,802,328","753,510","20,865,856.13","127,528,604"
2016-11-24,"4,041,910","65,397,719","-3,755,250","20,735,278.25","127,252,500"
2016-11-23,"4,276,380","75,384,902","1,882,200","20,559,787.65","126,570,822"
2016-11-22,"4,636,095","81,661,771","4,025,380","20,034,021.59","126,318,432"
2016-11-21,"3,751,486","62,875,145","-2,426,010","19,761,026.43","126,527,784"
2016-11-18,"3,746,952","70,078,736","-6,285,860","19,414,559.78","126,594,307"
2016-11-17,"3,579,224","64,481,024","-4,265,500","19,356,794.29","126,565,252"
2016-11-16,"3,914,412","78,312,045","-7,506,080","19,176,383.13","126,534,758"
2016-11-15,"4,100,692","80,380,985","-12,002,600","18,405,414.94","126,349,231"
2016-11-14,"4,637,858","98,452,839","-14,644,850","18,026,607.13","125,694,420"
2016-11-11,"5,065,759","114,082,554","-24,074,360","18,490,043.75","125,364,018"
2016-11-10,"4,506,916","89,574,137","-331,330","19,371,217.77","125,040,190"
2016-11-09,"6,044,384","119,746,734","-14,642,630","18,309,951.22","124,752,211"
2016-11-08,"3,072,696","57,810,135","2,034,330","20,305,267.05","126,867,813"
2016-11-07,"2,835,069","56,453,320","-3,465,480","19,977,059.77","127,418,783"
2016-11-04,"2,739,339","53,149,641","-4,679,610","19,456,906.12","127,701,310"
2016-11-03,"3,204,101","67,542,159","-4,158,180","19,510,134.30","127,983,633"
2016-11-02,"3,184,164","64,249,958","-5,030,420","20,072,148.82","128,984,558"
2016-11-01,"2,497,659","49,384,447","-2,319,470","21,038,269.60","130,357,304"
2016-10-31,"2,933,043","59,927,008","-2,504,300","21,148,911.23","130,377,791"
2016-10-28,"3,124,888","64,114,045","-831,010","21,485,841.06","130,429,564"
2016-10-27,"3,436,938","67,880,845","-7,702,960","21,770,204.10","130,950,388"
2016-10-26,"3,200,802","61,344,471","-2,325,380","22,014,430.37","130,617,717"
2016-10-25,"3,568,506","65,726,460","3,364,560","22,135,121.02","130,483,044"
2016-10-24,"3,043,948","57,857,039","-624,430","21,828,112.39","130,261,891"
2016-10-21,"3,773,891","76,007,429","-1,082,730","21,777,267.46","130,893,156"
2016-10-20,"3,523,381","65,312,097","2,583,150","21,772,626.59","130,746,837"
2016-10-19,"3,429,784","73,889,069","6,427,840","21,393,216.33","130,358,079"
2016-10-18,"3,058,813","64,138,110","3,245,450","20,682,528.80","130,720,193"
2016-10-17,"3,082,126","61,546,873","-733,080","20,179,161.68","130,635,846"
2016-10-14,"3,222,233","67,985,163","-2,486,590","20,181,429.33","131,069,008"
2016-10-13,"3,342,252","75,218,324","-6,565,240","20,529,386.15","132,773,304"
2016-10-12,"3,407,399","66,304,575","2,093,950","20,091,981.34","132,735,197"
2016-10-11,"4,127,460","89,690,544","2,346,990","20,198,683.13","132,972,819"
2016-10-07,"2,981,282","63,235,529","-1,074,160","20,753,331.58","134,455,259"
2016-10-06,"3,137,942","63,331,394","-1,060,220","20,862,850.35","134,498,271"
2016-10-05,"3,002,597","60,936,666","2,684,830","21,167,399.20","133,500,632"
2016-10-04,"3,066,078","62,014,403","4,219,250","20,959,543.23","133,429,975"
2016-10-03,"3,002,161","55,597,456","2,617,140","20,814,964.11","133,328,052"
2016-09-30,"3,426,034","74,600,632","-7,727,500","20,325,239.86","133,353,076"
2016-09-29,"3,723,139","89,971,697","12,969,670","20,688,045.89","132,875,168"
2016-09-26,"2,625,293","55,727,556","-2,784,240","20,360,274.35","133,295,383"
2016-09-23,"3,223,134","65,359,211","4,638,180","20,789,246.58","133,681,423"
2016-09-22,"3,664,350","71,438,274","1,974,280","20,586,784.49","133,523,767"
2016-09-21,"3,855,290","74,108,548","6,423,240","20,086,566.37","133,104,616"
2016-09-20,"3,637,156","69,490,591","1,198,870","19,412,761.33","133,471,676"
2016-09-19,"4,055,905","100,130,719","11,576,290","18,909,647.57","133,158,608"
2016-09-14,"3,287,147","85,671,454","-6,593,480","17,651,468.51","133,323,804"
2016-09-13,"3,839,352","78,995,501","-7,529,250","17,295,263.20","133,996,385"
2016-09-12,"3,634,678","76,385,472","-14,836,070","17,074,567.79","134,873,187"
2016-09-10,"2,966,690","48,599,834","-5,804,530","17,409,257.25","135,063,883"
2016-09-09,"3,555,480","67,475,789","-7,641,550","18,570,873.91","135,126,261"
2016-09-08,"3,981,132","77,969,939","1,632,180","18,884,725.58","134,881,686"
2016-09-07,"4,782,818","93,062,897","4,981,790","18,713,668.40","134,236,737"
2016-09-06,"4,111,738","76,499,163","9,393,840","18,400,598.76","134,448,886"
2016-09-05,"3,605,627","64,015,544","7,921,880","17,795,342.24","134,461,859"
2016-09-02,"4,303,473","79,935,908","715,510","16,927,768.83","135,139,733"
2016-09-01,"4,053,283","80,568,510","-8,622,450","17,061,255","136,450,206"
2016-08-31,"4,267,889","87,048,793","-1,714,980","17,010,607.45","135,955,954"
2016-08-30,"3,756,596","69,582,701","1,576,570","16,823,504.27","135,935,922"
2016-08-29,"3,794,844","67,625,369","-221,320","16,299,229.77","135,218,313"
2016-08-26,"3,595,701","65,815,985","3,688,960","16,520,355.81","135,040,508"
2016-08-25,"4,269,679","78,658,927","8,359,000","16,285,494.16","134,947,771"
2016-08-24,"3,518,670","61,538,427","-30,970","16,028,276.01","134,789,856"
2016-08-23,"3,836,367","66,902,162","646,940","16,000,078.98","134,424,922"
2016-08-22,"3,885,584","69,450,728","-2,367,000","15,761,892.47","134,185,096"
2016-08-19,"4,388,582","83,781,157","-3,565,720","16,345,560.88","134,291,775"
2016-08-18,"4,015,535","79,316,393","4,516,090","16,427,461.20","133,849,783"
2016-08-17,"3,978,438","81,245,429","3,813,120","16,077,282.79","133,928,255"
2016-08-16,"4,451,022","84,870,784","686,110","16,032,379.37","133,378,612"
2016-08-15,"4,100,081","79,893,213","2,297,520","15,528,130.06","132,604,743"
2016-08-12,"4,015,197","88,441,767","4,567,870","15,507,752.57","133,285,491"
2016-08-11,"4,760,190","93,559,858","2,384,200","15,697,098.21","133,258,164"
2016-08-10,"4,225,760","80,598,942","6,644,830","15,826,534.49","134,189,858"
2016-08-09,"4,066,821","79,859,408","5,715,520","15,892,639.64","133,983,240"
2016-08-08,"4,083,690","83,400,282","5,135,700","16,194,053.26","134,206,173"
2016-08-05,"4,226,749","84,243,393","11,235,110","16,181,709.98","133,785,080"
2016-08-04,"3,829,779","74,418,273","1,400,000","16,041,236.90","133,675,280"
2016-08-03,"3,834,059","70,771,446","-3,111,290","15,617,434.30","133,212,020"
2016-08-02,"3,884,166","74,010,051","3,205,800","15,786,785.71","132,366,047"
2016-08-01,"3,871,706","78,804,102","12,411,330","15,622,666.55","131,855,154"
2016-07-29,"3,852,627","79,791,349","-2,214,760","15,468,450.54","132,002,793"
2016-07-28,"4,766,003","88,750,752","9,137,030","15,911,999.99","131,367,925"
2016-07-27,"4,970,935","96,440,644","11,223,360","15,616,625.91","131,532,086"
2016-07-26,"3,925,613","76,442,857","11,856,960","15,365,740.54","131,364,298"
2016-07-25,"4,007,179","77,600,049","5,540,920","14,985,681.53","131,364,242"
2016-07-22,"4,242,274","82,046,171","5,386,110","15,068,913.76","131,523,478"
2016-07-21,"5,201,516","100,647,508","15,995,350","14,987,084.98","130,746,308"
2016-07-20,"4,447,845","94,869,577","13,063,240","14,637,940.74","131,046,001"
2016-07-19,"4,774,586","96,280,319","17,243,570","14,494,721.16","130,733,496"
2016-07-18,"4,564,796","93,473,193","13,039,550","14,425,145.63","130,541,879"
2016-07-15,"4,874,982","102,656,765","15,177,660","14,372,820.50","130,706,381"
2016-07-14,"4,422,952","84,659,240","7,039,760","14,125,412.02","130,709,983"
2016-07-13,"4,850,884","98,433,193","8,579,460","13,966,896.12","130,218,342"
2016-07-12,"4,699,030","98,294,776","12,356,940","13,488,119.74","130,200,314"
2016-07-11,"4,669,541","99,362,933","13,614,960","13,181,823.07","130,522,733"
2016-07-07,"3,349,857","63,917,075","2,144,960","13,031,358.75","131,164,595"
2016-07-06,"4,209,879","79,293,353","-14,653,670","12,858,469.35","131,059,734"
2016-07-05,"3,474,978","63,985,820","-873,510","14,193,170.71","130,403,855"
2016-07-04,"3,642,526","71,901,682","5,526,350","14,368,391.52","129,877,625"
2016-07-01,"4,252,995","87,367,201","10,771,730","14,702,073.26","130,181,053"
2016-06-30,"4,831,561","95,446,248","9,478,130","14,675,255.46","130,049,935"
2016-06-29,"4,531,025","83,049,487","5,885,160","14,314,262.97","130,071,390"
2016-06-28,"3,822,915","73,716,722","1,647,190","13,950,035.20","130,091,772"
2016-06-27,"3,268,493","64,019,527","-1,587,140","13,846,512.87","129,571,977"
2016-06-24,"5,791,547","123,821,946","-14,685,960","13,744,444.09","129,112,743"
2016-06-23,"3,111,999","60,884,859","1,895,000","15,084,776.96","130,423,414"
2016-06-22,"3,557,068","72,954,740","4,853,560","15,228,154.07","130,139,832"
2016-06-21,"3,377,528","70,549,583","7,062,240","15,456,721.53","129,756,305"
2016-06-20,"3,001,039","61,725,407","3,929,380","15,614,215.90","130,080,271"
2016-06-17,"3,484,588","73,109,254","5,771,390","15,838,841.03","129,882,368"
2016-06-16,"3,709,135","72,824,942","-8,594,900","15,712,072.15","130,161,128"
2016-06-15,"3,593,085","72,856,146","3,807,520","15,969,550.47","129,999,411"
2016-06-14,"3,125,064","63,850,727","2,996,600","16,033,743.45","129,467,797"
2016-06-13,"3,574,312","83,588,012","-5,789,710","15,956,178.81","129,254,477"
2016-06-08,"3,682,670","85,786,188","11,861,940","16,971,447.90","129,456,738"
2016-06-07,"3,984,243","85,050,278","13,973,020","16,797,428.49","129,351,860"
2016-06-06,"3,053,231","61,971,449","4,759,200","16,638,546.98","129,675,398"
2016-06-04,"1,895,068","30,206,861","410,070","16,446,987.38","129,949,926"
2016-06-03,"3,420,623","64,809,532","8,511,640","16,280,660.70","129,661,449"
2016-06-02,"4,421,236","82,188,998","6,350,300","15,842,936.98","129,733,607"
2016-06-01,"4,102,121","77,190,940","8,679,760","15,988,959.97","129,240,580"
2016-05-31,"4,925,321","115,600,250","2,929,210","15,807,452","129,518,024"
2016-05-30,"3,779,180","78,124,791","12,643,370","15,917,258.07","129,543,899"
2016-05-27,"3,409,655","68,626,136","3,341,010","15,659,831.30","130,123,221"
2016-05-26,"3,564,495","65,478,914","534,460","15,265,750.55","130,028,605"
2016-05-25,"4,049,980","80,459,911","2,757,440","15,065,023.17","129,680,160"
2016-05-24,"3,555,561","64,637,921","-839,490","14,583,819.92","129,895,542"
2016-05-23,"4,649,021","90,554,982","8,145,410","14,727,489.58","129,097,298"
2016-05-20,"2,850,865","58,263,286","-246,560","14,837,038.63","130,128,787"
2016-05-19,"3,094,933","60,422,574","-8,273,350","14,367,826.41","130,682,894"
2016-05-18,"3,491,764","65,383,955","-1,940,980","14,392,805.42","130,990,416"
2016-05-17,"3,604,249","66,672,653","-4,653,600","14,101,654.14","130,924,980"
2016-05-16,"3,236,743","64,686,301","-2,803,540","14,043,860.14","130,835,617"
2016-05-13,"4,225,037","89,924,012","-12,951,100","13,635,748","131,108,910"
2016-05-12,"3,556,435","68,548,502","-3,006,870","14,088,412.01","132,037,919"
2016-05-11,"4,047,480","80,431,862","-8,980,820","13,859,920.48","133,384,460"
2016-05-10,"3,741,082","70,928,843","-2,682,810","13,317,575.31","133,683,733"
2016-05-09,"3,710,952","75,447,508","-6,122,990","13,192,187.82","134,124,723"
2016-05-06,"3,953,679","84,384,286","-12,421,000","12,534,117.04","134,814,398"
2016-05-05,"3,977,941","74,975,723","-9,722,790","12,296,877.79","135,039,777"
2016-05-04,"4,149,875","82,399,462","-12,929,920","11,850,192.80","135,113,657"
2016-05-03,"3,754,668","79,541,801","-12,772,970","11,552,040.75","135,178,473"
2016-04-29,"3,580,008","79,542,764","-6,326,610","11,525,287.94","135,810,939"
2016-04-28,"3,924,535","75,136,632","-6,402,560","11,537,825.38","136,666,183"
2016-04-27,"3,487,759","68,796,176","22,530","11,535,565.25","136,719,641"
2016-04-26,"3,346,481","62,262,529","3,106,290","11,264,190.94","137,086,801"
2016-04-25,"2,931,595","56,182,234","3,958,480","10,937,208.38","137,275,608"
2016-04-22,"3,830,670","79,070,599","3,462,340","10,534,439.46","137,527,964"
2016-04-21,"3,914,269","75,973,585","6,820,660","10,250,443.79","138,449,701"
2016-04-20,"4,810,411","96,785,720","-1,135,370","9,530,555.60","138,896,685"
2016-04-19,"4,134,113","81,358,438","-377,620","9,486,702.07","139,153,499"
2016-04-18,"3,363,499","65,051,346","916,610","9,225,138.45","138,781,855"
2016-04-15,"3,728,792","79,717,512","7,662,450","9,733,875.12","139,061,569"
2016-04-14,"4,320,339","82,203,414","6,681,140","9,815,924.92","139,222,381"
2016-04-13,"4,800,753","92,382,932","14,817,370","9,362,523.99","138,277,045"
2016-04-12,"4,271,104","83,753,452","-1,216,520","8,860,011.13","139,324,546"
2016-04-11,"3,619,493","68,897,768","-930,270","8,778,771.43","139,919,508"
2016-04-08,"4,047,158","78,914,261","-734,180","8,748,047.80","140,087,869"
2016-04-07,"4,325,190","85,012,242","-6,135,760","9,373,797.01","140,049,965"
2016-04-06,"4,263,805","99,649,801","-7,327,430","9,689,756.38","139,300,240"
2016-04-01,"3,512,441","74,436,466","-4,552,690","10,077,668.71","138,750,427"
2016-03-31,"4,483,580","96,143,315","5,274,720","10,787,603.74","138,047,737"
2016-03-30,"4,449,258","89,188,136","13,520,430","10,559,332.78","138,030,838"
2016-03-29,"4,336,733","80,354,222","3,490,370","11,760,320.98","138,709,254"
2016-03-28,"3,632,554","69,405,830","2,746,190","12,855,369.98","139,615,654"
2016-03-25,"3,480,063","66,971,897","-3,534,050","13,478,734.36","139,870,390"
2016-03-24,"4,332,890","81,028,032","2,349,400","14,020,608.99","139,926,206"
2016-03-23,"4,146,764","83,001,864","3,431,900","14,482,128.70","139,705,111"
2016-03-22,"4,537,521","87,909,107","3,656,000","15,193,593.65","139,004,412"
2016-03-21,"4,189,171","83,602,377","4,276,690","16,074,639.23","138,436,996"
2016-03-18,"5,058,056","118,470,664","15,350,620","16,735,390.52","137,882,621"
2016-03-17,"5,640,225","110,428,671","13,476,110","17,104,541.43","137,770,973"
2016-03-16,"4,940,468","95,303,426","10,866,070","17,497,887.67","138,224,005"
2016-03-15,"5,749,788","116,596,382","4,103,790","17,498,006.25","138,745,211"
2016-03-14,"4,958,111","100,745,050","8,515,800","18,764,810.44","138,908,854"
2016-03-11,"4,696,453","89,618,730","11,135,460","18,575,611.55","138,451,773"
2016-03-10,"4,847,234","86,979,509","6,882,310","18,767,971.89","138,246,465"
2016-03-09,"4,873,667","87,722,074","2,777,480","18,971,390.54","138,169,965"
2016-03-08,"5,752,490","107,338,379","4,595,700","19,194,272.58","137,353,452"
2016-03-07,"4,985,069","97,317,441","4,763,680","19,699,375.57","136,012,740"
2016-03-04,"4,963,184","95,177,431","4,904,670","19,803,201.89","135,489,803"
2016-03-03,"5,585,659","101,457,411","12,464,070","19,679,721.21","135,226,747"
2016-03-02,"5,383,933","101,503,867","6,509,070","19,628,346.87","135,076,002"
2016-03-01,"4,344,172","93,076,019","2,723,260","19,698,200.43","135,386,825"
2016-02-26,"4,192,508","84,825,115","8,775,910","19,631,385.11","135,118,118"
2016-02-25,"4,825,333","85,369,873","6,720,780","19,754,808.81","135,215,217"
2016-02-24,"4,172,001","72,921,321","-743,140","19,554,494.10","135,394,181"
2016-02-23,"4,282,835","79,158,782","1,214,970","20,077,964.82","135,053,703"
2016-02-22,"4,117,476","76,666,061","2,399,080","20,120,598.28","134,202,988"
2016-02-19,"3,786,260","76,763,583","2,397,930","20,111,683.30","134,214,365"
2016-02-18,"4,700,434","96,306,906","10,458,530","20,253,180.92","133,711,073"
2016-02-17,"4,533,522","84,973,308","2,082,880","19,839,094.54","133,690,502"
2016-02-16,"4,888,935","92,274,426","8,396,230","19,622,096.77","133,239,732"
2016-02-15,"3,701,233","89,049,265","-3,323,170","18,990,241.91","133,491,906"
2016-02-03,"3,340,620","78,552,943","-1,791,670","19,067,462.86","132,605,086"
2016-02-02,"3,578,769","73,811,790","3,923,670","19,905,275.65","133,862,315"
2016-02-01,"4,146,109","84,881,639","6,776,360","20,217,063.58","134,836,440"
2016-01-30,"4,060,926","62,496,769","2,508,150","20,537,886.05","134,637,015"
2016-01-29,"5,887,199","113,463,518","11,175,720","20,523,195.86","135,211,459"
2016-01-28,"4,225,736","79,651,114","5,068,980","20,677,941.63","136,385,907"
2016-01-27,"3,921,538","70,341,506","291,910","20,729,680.24","136,852,805"
2016-01-26,"3,725,690","62,349,440","-4,306,390","20,605,637.85","137,041,564"
2016-01-25,"3,916,387","69,661,237","5,687,170","20,628,302.37","136,720,480"
2016-01-22,"3,770,515","69,411,719","1,588,810","20,126,888.08","137,685,668"
2016-01-21,"4,228,018","73,757,813","-2,514,710","19,759,675.07","137,575,839"
2016-01-20,"4,995,793","89,909,264","-7,298,940","19,360,374.51","137,974,240"
2016-01-19,"4,401,843","74,328,444","-4,985,190","19,121,867.33","137,417,531"
2016-01-18,"4,556,531","81,693,572","-2,303,910","19,686,558.16","136,792,839"
2016-01-15,"4,228,452","90,430,983","-6,772,930","20,056,333.55","136,780,995"
2016-01-14,"4,276,900","81,779,081","-3,281,930","19,303,758.39","137,547,980"
2016-01-13,"4,191,855","76,588,652","1,258,440","19,952,826","138,869,650"
2016-01-12,"4,774,778","86,552,474","-2,535,650","19,888,847.67","139,423,784"
2016-01-11,"4,324,346","85,321,943","-9,096,910","19,743,019.56","141,442,653"
2016-01-08,"4,534,181","92,853,774","-3,993,510","19,468,675.21","141,651,041"
2016-01-07,"5,920,713","117,577,039","-10,678,480","19,677,115.99","142,387,338"
2016-01-06,"4,862,380","99,143,623","-4,137,540","20,629,656.78","144,331,318"
2016-01-05,"4,174,711","80,349,248","-3,830,960","21,385,708.40","145,854,892"
2016-01-04,"3,828,317","77,036,676","-13,372,040","21,784,229.16","146,277,108"
2015-12-31,"2,499,013","48,209,622","423,680","22,225,498.34","145,719,670"
2015-12-30,"3,048,259","53,537,173","-3,458,260","21,940,435.91","146,001,679"
2015-12-29,"2,947,257","52,840,284","-995,970","21,922,270.90","145,553,063"
2015-12-28,"2,661,228","51,018,569","1,533,360","21,706,535.68","145,685,012"
2015-12-25,"2,699,121","40,256,202","1,937,680","21,805,485.76","145,691,459"
2015-12-24,"3,875,484","61,578,257","2,737,840","21,877,357.48","145,864,186"
2015-12-23,"4,533,440","74,614,133","3,966,410","22,044,010.36","146,253,110"
2015-12-22,"4,392,405","77,226,381","1,580,320","22,022,619.32","146,915,015"
2015-12-21,"4,648,276","78,362,770","-1,615,480","21,793,688.71","146,897,766"
2015-12-18,"4,300,834","84,513,449","1,084,680","22,276,611.14","146,392,207"
2015-12-17,"5,006,589","92,440,420","7,476,550","22,086,518.24","146,184,971"
2015-12-16,"4,592,907","89,590,060","4,104,020","21,490,298.30","146,997,990"
2015-12-15,"3,902,011","74,441,654","-5,390,640","21,004,067.84","147,034,481"
2015-12-14,"3,945,349","76,003,661","-5,180,250","20,360,146.76","146,960,687"
2015-12-11,"4,394,623","89,006,527","-8,386,980","21,197,751.48","147,378,517"
2015-12-10,"4,578,151","89,201,902","-11,674,940","21,272,935.75","148,377,694"
2015-12-09,"4,660,580","90,537,712","-8,642,280","21,549,671.38","148,467,623"
2015-12-08,"4,374,180","87,422,974","-10,971,620","22,579,631.43","149,523,588"
2015-12-07,"4,093,597","89,104,532","6,404,030","23,433,860.64","149,036,019"
2015-12-04,"4,023,683","82,371,605","-9,410,580","22,658,148.62","148,965,243"
2015-12-03,"4,456,284","81,879,390","-4,220","22,969,375.11","147,360,256"
2015-12-02,"4,638,307","90,849,304","614,600","22,864,863.08","147,093,994"
2015-12-01,"4,472,591","91,597,727","8,640,570","22,689,517.84","147,290,746"
2015-11-30,"5,703,618","137,072,781","-19,044,060","22,355,099.69","147,472,269"
2015-11-27,"3,541,567","66,741,696","-3,157,820","23,526,383.07","146,670,313"
2015-11-26,"4,189,963","80,124,274","9,687,590","23,808,077.78","146,077,132"
2015-11-25,"4,080,689","76,411,488","-1,632,280","23,265,115","146,569,200"
2015-11-24,"4,230,827","81,692,011","-1,041,510","23,311,231.70","146,208,039"
2015-11-23,"3,526,392","70,610,380","2,953,150","23,663,512.58","145,831,409"
2015-11-20,"3,802,180","76,312,892","1,125,630","23,525,139.42","145,637,181"
2015-11-19,"4,519,431","85,959,724","2,712,020","23,078,367.23","145,363,150"
2015-11-18,"4,434,536","83,774,632","-7,012,920","22,294,950.65","145,001,426"
2015-11-17,"4,701,111","86,433,373","1,355,310","22,315,450.87","143,821,457"
2015-11-16,"4,162,988","81,544,445","-9,133,630","21,261,793.14","144,130,813"
2015-11-13,"3,995,281","78,154,881","-10,942,310","21,887,286.11","144,108,227"
2015-11-12,"4,524,702","83,027,582","-6,251,990","21,840,641.63","143,712,521"
2015-11-11,"4,958,427","97,993,815","-12,040,190","22,573,175.93","143,653,031"
2015-11-10,"4,486,788","86,548,568","-11,652,090","23,373,136.11","143,066,708"
2015-11-09,"4,800,751","95,644,596","-2,799,070","23,745,066.33","141,978,585"
2015-11-06,"5,328,087","114,276,245","-14,156,710","24,261,583.93","141,953,302"
2015-11-05,"5,688,577","107,031,788","4,463,090","25,280,817.07","139,381,291"
2015-11-04,"6,321,826","128,435,818","21,749,650","24,961,589.58","140,003,079"
2015-11-03,"5,032,940","97,609,778","10,715,100","24,290,028.39","140,423,152"
2015-11-02,"3,978,030","78,762,668","3,926,380","23,752,139.32","140,784,063"
2015-10-30,"4,366,502","87,141,268","-186,530","22,868,692.35","140,679,165"
2015-10-29,"4,608,149","86,080,268","-5,309,790","23,331,370.95","140,387,168"
2015-10-28,"4,351,137","80,512,582","-1,129,160","23,156,246","139,555,274"
2015-10-27,"4,557,627","89,139,346","-198,880","23,086,442.19","139,016,097"
2015-10-26,"4,041,409","85,222,244","10,777,900","23,043,485.04","137,376,591"
2015-10-23,"4,431,880","94,003,940","10,362,020","22,609,493.04","137,565,832"
2015-10-22,"4,318,482","76,316,202","2,244,610","22,522,890.93","137,695,284"
2015-10-21,"4,797,422","89,680,272","4,083,710","22,345,321.98","136,933,095"
2015-10-20,"4,402,455","82,685,139","5,137,070","22,663,994.58","136,906,793"
2015-10-19,"4,169,249","81,231,937","5,867,460","22,464,745.08","135,730,032"
2015-10-16,"4,770,761","96,718,322","4,927,370","22,377,445","135,404,709"
2015-10-15,"4,925,269","95,189,085","10,660,070","22,278,269.73","135,137,959"
2015-10-14,"4,661,254","87,825,777","-1,830,720","22,387,113.77","135,084,083"
2015-10-13,"4,628,841","90,133,649","2,451,340","22,599,863.51","134,213,824"
2015-10-12,"4,663,975","103,100,547","9,135,520","22,375,174.82","132,896,650"
2015-10-08,"4,582,747","97,523,954","1,092,900","22,224,911.42","133,018,600"
2015-10-07,"4,977,767","94,105,068","5,526,680","22,534,958.05","132,613,641"
2015-10-06,"5,035,678","101,097,370","2,703,140","22,097,254.06","131,964,712"
2015-10-05,"4,196,667","84,283,464","-2,867,230","21,997,227.39","132,067,494"
2015-10-02,"3,917,344","74,287,125","-816,150","21,756,203.09","130,907,312"
2015-10-01,"4,752,303","89,611,697","3,359,950","21,673,435.02","130,754,025"
2015-09-30,"4,385,018","105,682,643","-452,640","21,143,569.55","130,832,708"
2015-09-25,"3,660,074","71,549,305","-3,540,550","20,857,289.08","130,473,862"
2015-09-24,"4,252,300","82,663,718","-7,104,320","20,757,950.83","130,103,479"
2015-09-23,"4,206,525","81,119,488","-15,227,930","20,737,377.92","129,942,225"
2015-09-22,"3,812,436","70,438,769","710,360","21,502,441.42","128,541,260"
2015-09-21,"3,775,388","77,788,729","-10,984,330","21,130,024.90","128,620,932"
2015-09-18,"4,556,547","95,275,540","3,302,820","21,724,203.12","127,386,275"
2015-09-17,"4,910,655","98,955,865","11,389,150","21,687,103.15","126,787,083"
2015-09-16,"4,025,188","81,336,790","4,071,120","21,100,655.03","128,040,221"
2015-09-15,"3,542,239","69,267,351","-1,571,210","20,505,999.69","127,699,197"
2015-09-14,"3,831,432","76,665,394","1,224,150","20,923,943.53","127,316,063"
2015-09-11,"3,965,525","80,661,662","-609,250","20,634,710.59","127,152,685"
2015-09-10,"4,568,406","85,925,955","1,975,200","20,379,855.06","126,713,866"
2015-09-09,"6,099,425","118,865,028","21,260,240","20,574,419.66","125,920,169"
2015-09-08,"3,699,914","66,815,955","-3,275,280","19,503,332.22","128,178,840"
2015-09-07,"3,680,391","69,047,248","-2,213,750","18,848,635.28","127,940,814"
2015-09-04,"4,737,411","83,033,560","-3,348,020","18,663,016.76","127,156,791"
2015-09-03,"4,990,186","87,162,613","3,539,610","19,073,194.33","126,754,361"
2015-09-02,"4,825,522","91,334,186","-389,020","17,978,070.82","127,230,133"
2015-09-01,"4,641,178","85,331,377","-5,380,000","18,295,604.05","126,794,619"
2015-08-31,"4,883,034","101,646,679","92,560","18,687,979.87","126,287,322"
2015-08-28,"5,324,229","105,351,695","4,213,920","18,069,594.71","126,159,436"
2015-08-27,"5,626,661","110,139,768","-6,127,180","16,564,355.03","127,144,676"
2015-08-26,"5,671,328","110,092,989","-8,657,990","14,879,518.39","127,786,760"
2015-08-25,"6,329,377","123,696,981","5,473,350","14,543,031.22","127,774,382"
2015-08-24,"7,568,799","146,088,004","-4,914,700","13,307,766.77","132,489,237"
2015-08-21,"5,463,799","103,663,450","-6,286,380","16,090,591.30","145,539,941"
2015-08-20,"4,817,633","88,588,003","-4,963,940","16,956,854.37","149,518,069"
2015-08-19,"5,729,045","101,869,618","-5,659,930","16,785,381.55","150,275,034"
2015-08-18,"4,431,352","75,622,516","186,680","17,796,188.09","152,001,459"
2015-08-17,"4,005,646","70,276,113","-1,673,020","17,456,052.09","152,658,790"
2015-08-14,"4,284,159","73,899,398","-1,897,580","17,409,886.47","152,893,432"
2015-08-13,"5,227,215","89,030,027","-875,440","17,236,491.24","153,144,622"
2015-08-12,"5,511,020","96,732,344","-7,554,880","16,767,616.22","153,445,945"
2015-08-11,"5,618,074","100,393,801","-2,436,980","17,196,075.90","153,587,096"
2015-08-10,"4,768,399","79,158,877","-871,280","16,304,468.60","153,630,639"
2015-08-07,"4,117,657","76,154,494","-639,850","16,225,851.98","153,748,305"
2015-08-06,"5,123,559","90,865,964","-1,782,320","15,789,970.55","154,867,344"
2015-08-05,"4,970,382","86,831,688","844,660","14,940,895.09","156,421,999"
2015-08-04,"5,903,371","100,988,680","3,353,230","14,842,497.25","157,587,769"
2015-08-03,"4,456,854","79,017,714","-4,017,550","14,465,657","162,104,728"
2015-07-31,"4,714,909","86,947,729","1,572,330","14,853,503.34","162,959,861"
2015-07-30,"5,572,493","88,591,366","923,990","14,201,991.12","163,606,070"
2015-07-29,"5,454,927","90,000,973","-1,437,440","13,495,031.05","164,546,389"
2015-07-28,"5,775,877","100,156,861","-3,725,990","12,500,954.61","165,461,973"
2015-07-27,"5,521,284","97,489,008","-2,091,750","12,528,374.60","168,607,044"
2015-07-24,"4,406,134","77,718,045","-1,760,950","13,342,406.85","174,610,448"
2015-07-23,"5,768,014","104,461,835","-5,266,780","13,041,099.81","175,843,519"
2015-07-22,"4,619,017","79,605,149","-2,985,540","13,731,238.39","178,226,520"
2015-07-21,"4,799,326","72,773,223","5,173,460","14,034,013.51","178,481,681"
2015-07-20,"4,855,463","82,628,553","3,236,690","14,153,893.11","179,681,077"
2015-07-17,"4,319,096","76,606,304","3,549,860","14,041,252.87","181,154,823"
2015-07-16,"4,748,227","77,919,815","1,168,090","14,182,342.47","181,497,851"
2015-07-15,"4,863,624","83,369,057","1,945,980","13,512,441.20","181,689,627"
2015-07-14,"5,790,554","100,731,747","-241,510","12,913,293.61","181,450,791"
2015-07-13,"5,739,250","104,063,379","-2,883,360","11,871,897.14","181,969,126"
2015-07-09,"7,077,500","130,306,291","-12,141,200","10,900,870.48","182,922,824"
2015-07-08,"7,466,454","143,386,860","-13,856,580","11,856,085.34","184,783,307"
2015-07-07,"4,996,360","92,490,349","-243,990","13,234,532.80","187,742,870"
2015-07-06,"4,427,633","83,557,373","-5,506,940","13,845,347.41","188,185,899"
2015-07-03,"4,646,006","84,384,479","-5,687,350","14,189,618.46","188,111,602"
2015-07-02,"4,797,356","86,101,576","-3,055,560","14,968,879.35","187,082,548"
2015-07-01,"4,656,513","86,625,727","1,388,060","14,968,192.72","186,033,912"
2015-06-30,"4,683,208","92,660,601","1,191,020","14,608,411.13","186,219,492"
2015-06-29,"4,934,402","94,229,683","-6,877,690","14,688,048.37","186,086,698"
2015-06-26,"4,405,168","84,629,026","2,475,710","15,936,974.06","187,382,424"
2015-06-25,"5,302,137","103,241,406","10,447,630","16,220,989.75","187,317,500"
2015-06-24,"4,657,385","79,465,282","274,350","16,304,323.62","188,185,637"
2015-06-23,"5,460,133","100,681,054","-897,520","16,294,714.83","188,294,202"
2015-06-22,"4,879,223","90,752,557","2,978,400","16,201,773.95","188,407,130"
2015-06-18,"4,579,457","82,883,259","-4,645,210","16,012,979.95","189,430,868"
2015-06-17,"5,035,577","92,742,972","-10,520,920","16,099,721.57","189,576,628"
2015-06-16,"4,506,250","80,556,119","-7,308,250","16,353,676.20","189,174,262"
2015-06-15,"4,136,644","75,184,213","-4,433,930","16,796,764.95","189,427,600"
2015-06-12,"4,438,188","83,259,876","-4,656,390","17,010,364.93","189,916,086"
2015-06-11,"5,385,056","98,794,030","-8,907,730","16,586,419.81","190,364,076"
2015-06-10,"5,573,210","98,950,673","-3,162,550","16,100,983.09","190,510,788"
2015-06-09,"6,363,723","108,865,553","-3,082,770","15,768,280.21","192,119,511"
2015-06-08,"5,366,753","96,140,487","-8,911,210","16,121,094.49","197,503,112"
2015-06-05,"6,120,810","111,662,467","-9,576,390","15,824,380.20","199,318,688"
2015-06-04,"7,512,610","137,606,014","-12,394,150","16,398,256.42","201,359,226"
2015-06-03,"5,909,994","102,244,725","-2,960,060","17,967,904.36","202,951,624"
2015-06-02,"5,518,704","100,319,471","-1,699,550","17,817,972.76","203,440,268"
2015-06-01,"5,117,913","92,338,114","-8,955,720","17,508,511.58","203,600,050"
2015-05-29,"6,496,284","143,729,623","-167,840","17,891,682.02","203,890,273"
2015-05-28,"6,343,828","115,389,625","939,570","17,931,707.34","204,191,666"
2015-05-27,"5,959,614","102,139,702","2,423,180","17,685,320.78","204,591,740"
2015-05-26,"5,040,137","79,860,039","4,239,790","17,481,872.59","204,343,419"
2015-05-25,"4,733,534","76,977,513","-2,763,230","17,250,301.36","204,966,946"
2015-05-22,"5,692,444","99,773,167","2,421,470","17,253,247.27","204,299,190"
2015-05-21,"5,495,831","96,794,500","-11,907,030","16,959,399.36","205,284,638"
2015-05-20,"6,006,601","98,669,954","-1,719,370","17,040,540.09","204,435,259"
2015-05-19,"6,558,000","108,489,411","9,760,900","16,624,638.11","203,319,124"
2015-05-18,"5,186,520","93,428,094","9,165,570","16,043,617.56","204,315,256"
2015-05-15,"4,901,351","84,261,005","1,089,410","15,826,930.83","206,384,919"
2015-05-14,"5,719,427","99,001,312","-5,132,740","16,171,842.83","207,189,878"
2015-05-13,"5,616,365","96,418,633","4,287,860","16,213,838.87","206,881,164"
2015-05-12,"5,224,330","89,236,771","3,583,480","15,279,145.95","207,647,601"
2015-05-11,"5,667,335","96,227,341","6,177,080","15,287,847.62","209,289,585"
2015-05-08,"4,908,798","84,710,933","2,672,960","14,785,384.71","213,046,037"
2015-05-07,"5,892,695","95,421,536","-1,400,730","14,339,579.69","214,177,881"
2015-05-06,"5,746,814","97,732,148","1,609,070","14,543,447.94","214,738,106"
2015-05-05,"5,211,353","91,994,839","3,846,280","14,662,972.32","214,512,141"
2015-05-04,"5,334,499","99,034,716","2,740,760","14,228,583.81","216,114,407"
2015-04-30,"5,308,551","113,354,129","1,634,530","14,481,391.83","216,868,549"
2015-04-29,"6,257,225","114,996,622","7,426,760","14,116,087.38","216,746,937"
2015-04-28,"6,429,869","118,166,427","10,468,530","13,702,128.70","216,736,374"
2015-04-27,"6,949,305","132,148,192","21,317,090","13,333,974.81","215,255,679"
2015-04-24,"7,901,237","168,637,243","46,173,070","12,615,179.91","213,699,421"
2015-04-23,"7,896,791","144,526,139","21,921,780","11,516,327.28","214,827,669"
2015-04-22,"5,740,755","104,685,071","6,135,180","11,029,545.16","214,120,191"
2015-04-21,"5,173,309","94,463,486","3,417,580","10,058,311.67","214,448,146"
2015-04-20,"4,912,281","91,460,781","252,270","9,303,574.45","215,756,934"
2015-04-17,"5,148,406","99,134,368","-3,987,930","8,997,894.87","216,116,623"
2015-04-16,"5,454,887","104,637,603","10,170,680","9,074,488.25","215,839,225"
2015-04-15,"5,776,807","114,465,047","-20,934,330","8,235,228.81","216,532,694"
2015-04-14,"5,377,952","94,828,954","-3,239,500","7,911,250.12","214,606,556"
2015-04-13,"4,689,419","86,796,279","2,690,730","7,515,091.01","213,569,826"
2015-04-10,"4,888,368","92,668,765","3,673,410","7,110,532.54","213,987,071"
2015-04-09,"5,487,812","100,860,943","-1,219,260","6,941,440.77","214,372,430"
2015-04-08,"4,964,321","94,461,032","-6,746,140","6,485,810.26","214,694,384"
2015-04-07,"4,475,869","93,042,457","2,168,960","6,962,440.43","213,838,727"
2015-04-02,"4,444,159","94,545,360","5,380,080","6,985,966.04","213,888,854"
2015-04-01,"4,767,155","87,244,876","-6,617,960","8,189,526.78","214,041,264"
2015-03-31,"5,582,681","107,060,380","-1,889,590","10,481,586.33","214,050,663"
2015-03-30,"4,730,427","92,563,917","-1,465,650","11,650,402.42","214,176,301"
2015-03-27,"5,202,683","114,397,156","-19,007,430","12,694,928.49","214,628,850"
2015-03-26,"5,409,431","120,170,809","-11,539,650","14,385,812.60","214,019,804"
2015-03-25,"5,204,949","96,868,024","-3,558,270","16,706,888.94","213,324,498"
2015-03-24,"5,482,580","97,574,070","-1,149,090","18,424,968.31","213,008,072"
2015-03-23,"5,613,302","104,895,147","1,633,650","19,897,646.83","212,550,459"
2015-03-20,"5,786,926","122,255,394","-1,060,710","21,060,882.62","212,078,765"
2015-03-19,"6,277,815","118,243,967","7,976,360","22,238,821.29","211,486,089"
2015-03-18,"5,546,829","107,569,431","10,110,110","22,096,016.86","211,043,596"
2015-03-17,"5,065,590","98,232,445","-18,250","21,577,722.85","210,922,676"
2015-03-16,"4,272,083","83,938,633","-8,019,640","21,799,577.23","210,833,434"
2015-03-13,"4,765,227","88,452,992","-4,997,540","22,477,286.37","209,854,007"
2015-03-12,"5,614,913","97,163,348","1,310,390","22,870,796.08","209,258,978"
2015-03-11,"5,039,426","97,041,708","-7,827,490","22,634,892.87","209,306,128"
2015-03-10,"4,731,732","93,135,038","-8,536,640","23,297,444.28","208,185,313"
2015-03-09,"4,400,900","86,761,858","-10,547,840","23,702,253.49","207,662,972"
2015-03-06,"4,783,179","95,779,164","3,860,630","24,483,163.93","206,365,044"
2015-03-05,"4,635,460","85,930,112","-825,450","24,842,521.36","206,354,156"
2015-03-04,"4,539,189","85,082,416","6,193,710","25,105,021.20","205,078,345"
2015-03-03,"4,446,559","85,986,600","3,975,370","25,280,904.19","205,031,348"
2015-03-02,"4,459,205","92,829,887","990,440","25,419,782.78","204,984,718"
2015-02-26,"4,438,632","98,596,499","8,108,750","25,700,606.71","204,112,653"
2015-02-25,"4,754,236","97,194,558","13,119,700","26,255,588.35","203,329,579"
2015-02-24,"4,158,918","114,787,053","11,158,700","25,731,270.73","202,483,061"
2015-02-13,"3,395,867","77,582,870","12,473,840","25,149,847.12","202,482,967"
2015-02-12,"3,662,319","76,959,919","8,218,820","25,436,676.93","205,555,152"
2015-02-11,"4,496,931","97,422,271","7,178,800","25,544,365.93","206,800,715"
2015-02-10,"3,926,336","76,023,533","4,268,800","26,020,654.48","207,416,317"
2015-02-09,"3,552,049","66,408,178","2,797,480","26,761,423.27","207,865,931"
2015-02-06,"3,930,850","72,878,510","1,030,020","27,102,651.05","208,582,894"
2015-02-05,"4,297,455","74,420,917","2,245,690","28,748,871.82","208,772,206"
2015-02-04,"5,265,101","98,275,417","8,731,950","28,886,773.54","208,445,011"
2015-02-03,"4,540,480","77,845,519","5,765,970","28,309,403.75","208,607,736"
2015-02-02,"4,198,820","73,061,323","4,124,410","27,581,723.86","209,117,986"
2015-01-30,"4,681,307","87,386,115","-2,924,400","28,148,994.56","209,097,434"
2015-01-29,"4,893,263","83,535,097","-627,660","28,900,980.94","209,113,492"
2015-01-28,"4,709,303","83,360,492","8,641,180","29,562,338.34","208,596,680"
2015-01-27,"4,972,156","91,189,723","11,354,360","29,642,616.19","208,278,617"
2015-01-26,"4,902,892","90,717,232","8,181,600","29,290,779.77","207,953,220"
2015-01-23,"6,246,155","119,899,955","19,997,270","29,363,307.15","207,640,051"
2015-01-22,"5,782,452","99,005,013","11,660,550","28,793,938.23","208,380,725"
2015-01-21,"5,645,662","100,206,964","16,941,090","28,184,975.74","208,474,395"
2015-01-20,"5,309,477","87,021,886","8,507,210","27,666,133.77","209,184,257"
2015-01-19,"5,182,409","89,551,554","8,885,160","27,257,276.92","209,180,209"
2015-01-16,"6,012,829","115,876,618","-8,446,550","26,976,423.72","210,796,919"
2015-01-15,"5,382,422","89,523,584","-3,614,620","27,486,327.19","210,459,623"
2015-01-14,"5,384,948","93,381,279","-6,682,030","27,825,534.20","209,860,541"
2015-01-13,"5,392,992","92,735,480","2,739,390","27,839,543.53","208,615,936"
2015-01-12,"4,986,250","84,290,218","-409,730","27,994,873.48","207,833,513"
2015-01-09,"5,433,889","98,908,302","-1,302,470","28,137,631.16","207,334,403"
2015-01-08,"6,379,855","108,488,344","8,427,720","27,731,815.37","206,679,015"
2015-01-07,"5,479,103","96,820,252","-3,824,850","26,546,680.06","207,902,274"
2015-01-06,"6,230,285","111,238,928","-17,766,210","25,769,247.34","206,939,315"
2015-01-05,"4,852,267","81,345,264","-3,382,460","26,841,234.71","205,348,622"
2014-12-31,"3,476,527","60,510,726","1,541,310","26,820,059.70","204,246,599"
2014-12-30,"4,315,769","72,144,150","2,291,940","26,963,134.01","204,084,182"
2014-12-29,"4,867,306","82,762,833","10,817,750","27,308,397.94","203,939,458"
2014-12-27,"3,132,975","39,334,798","-267,580","27,086,144.74","204,455,124"
2014-12-26,"3,968,724","57,081,913","2,796,550","27,220,897.29","204,331,867"
2014-12-25,"4,364,007","55,831,492","1,439,670","27,369,824.91","204,293,973"
2014-12-24,"5,943,071","84,370,592","3,113,990","27,468,385.86","203,820,612"
2014-12-23,"5,028,914","70,416,090","1,366,990","27,047,169.65","203,214,497"
2014-12-22,"5,598,240","81,024,727","4,167,400","26,664,865.16","203,127,416"
2014-12-19,"6,501,121","110,294,215","8,278,090","26,397,360.90","203,024,257"
2014-12-18,"5,439,448","89,833,007","-7,008,010","26,396,390.40","205,442,465"
2014-12-17,"5,997,169","109,763,896","-19,881,310","25,859,529.97","205,280,937"
2014-12-16,"5,054,853","87,561,591","-9,305,430","27,120,413.95","203,865,504"
2014-12-15,"4,400,221","77,228,331","-4,024,730","27,357,649.03","202,850,740"
2014-12-12,"4,733,158","77,597,577","-4,647,750","27,992,640.21","201,796,842"
2014-12-11,"5,320,109","81,253,769","-3,745,210","27,309,514.54","201,510,309"
2014-12-10,"5,897,698","92,610,488","-11,243,900","27,088,838.76","201,192,802"
2014-12-09,"5,373,019","87,965,860","-3,299,220","27,970,208.83","200,347,256"
2014-12-08,"5,494,254","92,575,845","-3,578,640","29,201,218.84","199,549,035"
2014-12-05,"5,994,963","99,701,172","-1,389,770","29,792,360.30","198,486,897"
2014-12-04,"6,669,075","104,549,595","6,540,640","30,115,139.60","197,433,810"
2014-12-03,"6,881,013","115,882,833","-879,560","30,155,822.44","197,895,204"
2014-12-02,"5,735,000","98,022,195","-7,867,950","29,568,771.63","196,516,476"
2014-12-01,"5,326,844","90,109,350","-5,268,700","30,067,260.18","195,086,691"
2014-11-28,"4,432,053","71,393,668","5,446,200","30,399,849.11","194,947,270"
2014-11-27,"5,400,688","83,723,879","6,926,550","30,208,187.29","195,158,502"
2014-11-26,"4,991,899","75,508,498","2,886,650","29,810,610.61","195,972,822"
2014-11-25,"4,948,629","88,932,595","2,880,600","29,586,318.24","196,593,218"
2014-11-24,"4,655,961","76,610,680","4,946,300","28,896,763.27","196,415,504"
2014-11-21,"4,886,182","79,675,660","3,039,580","28,779,480.42","196,257,533"
2014-11-20,"5,864,029","92,422,606","9,836,120","28,455,179.71","196,002,016"
2014-11-19,"5,519,350","93,503,336","13,055,570","27,574,906.31","196,207,981"
2014-11-18,"5,326,764","79,528,327","3,243,640","26,442,315.68","197,431,966"
2014-11-17,"4,840,817","74,018,579","-4,712,760","27,471,022.70","199,474,438"
2014-11-14,"4,844,187","74,958,310","2,716,140","27,870,099.57","199,582,878"
2014-11-13,"4,985,468","70,199,451","3,727,910","27,526,190.79","199,793,651"
2014-11-12,"5,424,889","78,739,405","-3,455,260","26,824,728.33","200,092,096"
2014-11-11,"5,502,241","77,414,573","4,944,080","27,307,653.59","199,445,366"
2014-11-10,"5,663,032","85,922,295","15,384,810","27,967,382.67","199,282,729"
2014-11-07,"4,962,152","68,784,946","2,120,300","27,140,399.03","199,855,912"
2014-11-06,"5,209,449","73,146,677","3,210,950","26,646,305.12","199,929,780"
2014-11-05,"4,967,487","70,914,588","2,608,180","26,533,603.63","200,148,625"
2014-11-04,"5,192,642","75,729,149","6,792,200","26,225,597.81","199,287,604"
2014-11-03,"5,773,707","90,568,345","7,249,090","25,504,545.72","198,984,404"
2014-10-31,"5,582,825","86,809,244","8,311,330","24,679,507.20","199,154,224"
2014-10-30,"5,441,824","81,677,194","6,634,820","24,054,525.45","199,319,167"
2014-10-29,"6,104,013","95,821,742","9,847,120","23,839,609.18","198,684,975"
2014-10-28,"5,370,693","85,914,477","12,266,170","22,688,910.47","199,593,508"
2014-10-27,"4,301,205","67,140,138","6,241,560","22,590,173.60","201,022,645"
2014-10-24,"4,374,970","67,802,333","-5,793,980","22,800,247.50","203,973,252"
2014-10-23,"4,633,009","62,495,213","1,545,940","22,531,506.17","204,210,372"
2014-10-22,"5,432,111","82,817,004","5,165,710","22,075,098.63","203,870,208"
2014-10-21,"4,341,868","64,351,072","-2,345,370","21,201,579.10","204,263,684"
2014-10-20,"5,013,329","78,717,615","2,517,420","20,149,037.26","204,491,800"
2014-10-17,"6,652,488","123,711,895","-6,707,110","19,444,392.53","205,313,778"
2014-10-16,"6,698,123","108,248,624","-4,717,730","18,295,157.89","206,103,104"
2014-10-15,"6,005,060","106,443,208","-3,158,390","19,955,375.18","208,227,442"
2014-10-14,"4,652,183","74,418,281","-2,333,190","19,383,194.54","209,235,377"
2014-10-13,"5,726,697","102,724,883","-8,190,950","20,020,750.51","210,347,091"
2014-10-09,"4,861,748","85,354,410","79,570","22,318,591.15","213,274,099"
2014-10-08,"4,567,862","74,408,496","-4,473,870","22,261,584.14","214,069,169"
2014-10-07,"4,557,083","75,752,723","-188,520","22,450,637.82","213,889,480"
2014-10-06,"4,640,657","80,278,731","-4,060,050","23,098,368.93","214,076,408"
2014-10-03,"5,162,135","82,893,678","4,145,030","23,216,337.87","213,704,341"
2014-10-02,"4,898,848","76,288,246","-5,944,690","22,472,209.84","214,256,365"
2014-10-01,"5,127,144","79,131,756","-7,013,190","22,077,375.57","213,605,814"
2014-09-30,"6,193,566","103,017,795","-3,747,330","21,238,294.41","213,830,162"
2014-09-29,"4,446,051","83,837,609","-11,797,710","21,260,634.39","214,323,182"
2014-09-26,"5,041,065","85,543,865","-2,164,620","20,753,000.45","213,663,168"
2014-09-25,"5,684,972","92,680,251","-4,953,940","22,357,947.44","214,466,257"
2014-09-24,"4,982,650","80,049,271","-4,556,520","22,650,193.66","215,052,392"
2014-09-23,"4,934,030","83,575,591","-5,944,400","22,789,740.67","214,233,358"
2014-09-22,"4,629,288","79,055,692","-13,986,440","22,903,527.33","213,801,726"
2014-09-19,"4,525,669","80,552,037","-2,535,490","23,381,635.39","212,849,856"
2014-09-18,"4,366,794","69,997,859","-431,260","22,959,166.31","212,709,376"
2014-09-17,"5,109,496","82,189,780","-2,403,230","22,591,005.73","212,194,129"
2014-09-16,"4,692,151","69,413,584","-6,912,780","21,238,711.28","211,820,398"
2014-09-15,"4,196,418","66,977,594","-468,490","21,796,809.95","211,857,372"
2014-09-12,"5,096,883","81,328,099","-3,672,210","21,728,700.91","211,963,076"
2014-09-11,"4,558,951","72,632,818","-1,313,660","22,528,278.68","211,855,067"
2014-09-10,"4,787,466","78,731,119","-9,620,160","22,818,751.61","211,980,017"
2014-09-09,"4,431,791","79,759,708","9,241,000","23,647,036.82","210,957,913"
2014-09-05,"4,286,784","73,632,328","1,732,570","23,059,671.03","210,824,558"
2014-09-04,"4,648,234","74,875,311","314,090","22,946,885.64","210,332,097"
2014-09-03,"5,333,115","89,285,968","7,085,290","22,532,372.76","209,911,714"
2014-09-02,"5,498,915","89,442,668","-371,390","22,499,339.48","209,822,723"
2014-09-01,"5,171,496","88,579,821","8,410,020","23,090,234.85","209,451,056"
2014-08-29,"5,227,658","90,212,662","4,532,720","22,499,051.54","209,431,935"
2014-08-28,"6,401,169","102,287,571","3,980,810","22,022,390.77","209,021,493"
2014-08-27,"6,436,920","116,832,284","11,430,670","21,309,959.78","207,726,922"
2014-08-26,"5,307,382","93,952,767","3,250,890","20,525,691.46","208,164,774"
2014-08-25,"4,904,478","78,042,615","4,728,430","20,027,840.60","208,111,174"
2014-08-22,"5,654,010","104,530,038","14,347,090","19,608,950.53","207,754,609"
2014-08-21,"5,082,831","82,751,874","1,755,800","19,004,640.11","207,753,057"
2014-08-20,"5,335,290","90,879,015","5,764,950","18,975,811.89","208,078,106"
2014-08-19,"5,516,771","90,070,711","5,998,810","17,944,161.04","209,164,161"
2014-08-18,"4,711,582","74,218,726","836,130","17,609,225.87","210,091,978"
2014-08-15,"4,733,325","75,044,101","874,690","17,772,696.72","211,405,169"
2014-08-14,"5,479,696","91,431,684","-631,270","18,684,548.79","211,887,569"
2014-08-13,"5,314,634","86,469,671","7,038,790","17,796,882.20","211,884,539"
2014-08-12,"5,326,813","88,935,657","-3,410,540","17,179,131.95","212,411,038"
2014-08-11,"5,164,710","84,908,793","-1,699,740","15,857,421.55","212,952,308"
2014-08-08,"5,268,324","88,889,551","-1,196,060","14,928,541.32","213,130,695"
2014-08-07,"5,287,334","84,469,951","-1,343,260","15,581,599.85","214,621,587"
2014-08-06,"6,519,699","109,043,215","5,302,240","14,790,760.11","215,058,528"
2014-08-05,"6,143,560","109,308,144","-16,992,030","14,501,603.48","217,364,635"
2014-08-04,"5,324,203","90,657,362","1,174,560","14,809,487.67","216,458,512"
2014-08-01,"5,955,410","103,884,640","2,344,130","14,123,927.37","216,340,200"
2014-07-31,"6,057,370","106,616,070","-10,156,250","14,841,299.98","217,139,580"
2014-07-30,"6,195,045","106,661,216","8,502,190","14,342,730.63","215,995,934"
2014-07-29,"7,484,381","134,584,829","8,105,700","14,273,523.85","216,281,023"
2014-07-28,"5,889,752","110,243,584","2,882,960","14,422,010.62","218,044,767"
2014-07-25,"5,865,850","108,131,916","-1,181,080","15,345,609.54","217,334,647"
2014-07-24,"6,100,095","120,766,980","1,650,290","16,003,353.22","216,525,697"
2014-07-22,"5,241,712","98,396,077","6,615,020","15,383,083.56","215,429,744"
2014-07-21,"4,967,974","92,121,126","-50,120","14,781,349.17","215,711,398"
2014-07-18,"5,433,411","102,700,113","941,050","14,335,699.95","215,874,345"
2014-07-17,"6,543,813","127,983,000","-2,465,130","14,899,599.22","215,175,434"
2014-07-16,"6,302,070","117,111,866","1,299,010","15,161,653.81","214,221,822"
2014-07-15,"6,057,222","115,183,478","2,846,050","15,086,627.23","213,101,031"
2014-07-14,"5,827,394","112,185,087","-2,490,760","14,555,560.30","212,016,643"
2014-07-11,"6,751,259","134,613,211","1,120,230","14,132,039.93","210,723,272"
2014-07-10,"6,793,776","141,179,376","217,440","14,784,758.34","212,595,726"
2014-07-09,"5,606,397","102,520,936","-1,933,650","14,622,553.08","212,335,993"
2014-07-08,"5,876,461","102,506,552","2,669,110","15,078,988.38","211,631,826"
2014-07-07,"6,054,387","111,394,304","4,160,740","15,385,621.81","211,611,214"
2014-07-04,"6,094,825","118,191,559","-5,439,580","15,426,613.62","212,140,412"
2014-07-03,"6,330,502","121,898,808","-8,430","15,575,194.93","212,061,857"
2014-07-02,"7,812,593","153,792,277","8,776,780","15,530,379.88","210,679,617"
2014-07-01,"6,051,789","115,473,264","5,182,090","15,574,960.11","211,943,404"
2014-06-30,"5,117,717","103,042,091","6,105,850","15,742,894.85","211,856,840"
2014-06-27,"4,717,360","95,148,292","2,970,060","15,827,950.18","211,979,993"
2014-06-26,"5,452,723","98,471,286","5,413,580","16,213,146.24","212,135,508"
2014-06-25,"4,528,501","87,313,050","3,268,670","16,153,936.44","211,121,084"
2014-06-24,"4,462,633","91,152,495","3,304,260","15,884,686.47","210,646,073"
2014-06-23,"5,358,398","113,055,437","4,749,160","16,407,471.51","209,695,586"
2014-06-20,"4,586,760","97,693,846","-739,910","17,603,921.97","211,475,889"
2014-06-19,"4,841,052","97,848,728","5,435,900","17,880,589.84","211,148,113"
2014-06-18,"6,007,971","130,607,568","16,959,090","17,844,100.64","210,160,131"
2014-06-17,"5,062,240","102,127,205","3,836,550","18,034,749.37","211,461,325"
2014-06-16,"4,792,106","97,539,019","4,976,290","18,585,772.67","210,832,554"
2014-06-13,"4,643,188","92,140,265","1,305,330","18,689,451.40","209,970,132"
2014-06-12,"5,322,398","100,950,249","1,976,640","18,804,155.74","209,160,660"
2014-06-11,"5,112,244","101,778,562","2,790,170","19,168,570.13","208,307,784"
2014-06-10,"5,209,580","104,150,195","9,550,530","18,588,099.22","208,007,790"
2014-06-09,"5,151,728","101,852,758","3,577,410","18,337,437.48","208,639,285"
2014-06-06,"5,619,838","113,339,023","824,340","18,537,930.12","208,875,240"
2014-06-05,"5,628,569","112,567,829","343,120","19,244,230.91","208,607,837"
2014-06-04,"5,287,757","99,550,246","-1,633,040","18,470,617.01","207,812,433"
2014-06-03,"4,762,101","102,969,628","2,912,710","18,108,322.15","206,698,475"
2014-05-30,"5,857,533","136,800,476","-827,660","18,150,215.89","206,289,559"
2014-05-29,"5,105,447","103,715,112","3,842,780","18,357,425.33","206,151,523"
2014-05-28,"5,194,553","102,859,394","6,008,750","18,180,581.32","205,480,803"
2014-05-27,"4,438,750","83,471,397","300,300","17,867,944.28","205,399,164"
2014-05-26,"4,600,514","87,209,681","494,880","18,008,303.84","205,064,448"
2014-05-23,"4,838,914","97,444,631","3,245,290","17,514,330.30","204,030,215"
2014-05-22,"4,527,962","87,463,757","4,914,710","17,281,002.42","203,382,886"
2014-05-21,"3,775,280","68,577,420","-1,111,910","16,953,504.73","202,744,575"
2014-05-20,"4,099,695","79,504,061","1,183,400","16,938,884.45","202,318,161"
2014-05-19,"4,044,843","74,978,030","4,481,750","16,676,639.35","202,317,511"
2014-05-16,"3,984,610","76,841,942","1,977,790","16,265,075.33","201,708,903"
2014-05-15,"3,966,012","72,472,356","1,592,730","16,025,948.19","201,766,627"
2014-05-14,"4,486,473","87,378,826","7,397,910","15,518,378","201,505,102"
2014-05-13,"4,548,206","88,966,512","3,434,060","15,758,078.65","201,706,656"
2014-05-12,"4,317,054","84,877,312","-6,245,290","15,575,794.47","202,447,136"
2014-05-09,"4,821,345","94,876,652","-5,555,080","16,176,883.79","202,257,240"
2014-05-08,"5,038,369","101,235,342","1,810,560","16,711,702.68","201,963,879"
2014-05-07,"5,025,079","100,537,783","-3,836,180","16,413,491.16","201,245,941"
2014-05-06,"5,198,268","101,398,097","-2,440,510","16,240,961.25","200,809,063"
2014-05-05,"4,668,596","94,144,749","-189,460","15,693,337.14","199,503,124"
2014-05-02,"4,442,476","98,469,814","9,312,530","15,196,622.20","198,055,910"
2014-04-30,"4,980,417","110,640,381","-2,970,000","14,032,348.23","197,943,831"
2014-04-29,"4,719,245","93,090,656","-1,375,850","13,781,804.18","197,408,305"
2014-04-28,"4,910,988","98,430,516","4,434,360","12,218,299.26","196,474,553"
2014-04-25,"6,357,271","134,880,899","7,187,250","11,333,669.83","196,713,587"
2014-04-24,"4,951,922","96,147,310","4,773,140","11,490,079.91","200,062,736"
2014-04-23,"5,405,089","105,718,330","4,090,430","10,365,762.81","199,748,473"
2014-04-22,"4,766,759","88,192,880","2,625,790","9,683,191.99","200,355,813"
2014-04-21,"3,872,742","67,124,929","892,550","8,490,760.86","200,409,256"
2014-04-18,"4,031,283","71,049,575","3,328,110","8,396,353.75","200,573,429"
2014-04-17,"4,916,167","95,942,781","862,920","9,163,416.18","200,429,034"
2014-04-16,"4,638,032","94,898,346","5,511,210","8,643,758.48","198,753,867"
2014-04-15,"4,431,826","90,435,230","5,137,720","7,978,544.27","199,471,183"
2014-04-14,"3,831,079","78,707,819","6,339,780","7,315,666.47","200,477,563"
2014-04-11,"4,617,852","97,132,645","1,615,920","7,451,462.78","202,173,407"
2014-04-10,"5,357,312","108,677,744","4,055,610","10,185,039.44","202,957,217"
2014-04-09,"4,660,927","92,807,229","6,101,950","12,248,843.84","201,828,146"
2014-04-08,"4,502,406","95,275,152","2,492,530","12,842,777.39","201,790,537"
2014-04-07,"4,514,514","95,413,006","4,612,110","13,971,125.09","202,449,855"
2014-04-03,"4,817,592","98,852,883","7,089,200","14,731,547.30","203,107,633"
2014-04-02,"5,131,398","106,911,147","8,664,190","16,973,579.12","202,545,377"
2014-04-01,"4,607,052","91,279,429","8,260,460","18,277,238.93","203,380,144"
2014-03-31,"4,079,089","87,954,816","9,903,020","19,076,181.54","203,961,052"
2014-03-28,"4,582,915","100,607,158","9,173,880","19,565,416.73","204,528,181"
2014-03-27,"4,746,817","99,920,732","8,193,880","20,900,499.36","205,520,431"
2014-03-26,"4,653,433","93,659,737","5,664,040","21,336,189.61","204,532,109"
2014-03-25,"4,103,750","83,783,594","55,230","21,061,935.77","204,709,250"
2014-03-24,"3,914,766","79,833,700","7,347,810","20,235,969.85","204,062,300"
2014-03-21,"4,411,770","95,595,390","1,422,950","21,407,112.37","205,052,744"
2014-03-20,"4,478,617","94,359,399","-4,256,000","22,246,648.57","205,353,589"
2014-03-19,"4,727,772","101,056,518","-1,139,490","23,154,043.64","205,473,368"
2014-03-18,"4,636,802","99,658,154","3,912,590","24,261,800.68","205,903,316"
2014-03-17,"4,133,190","86,311,554","2,823,200","24,321,450.62","205,905,633"
2014-03-14,"4,167,290","91,959,511","-1,831,070","24,523,120.93","205,232,066"
2014-03-13,"4,981,956","114,111,360","4,719,800","25,246,678.67","205,031,907"
2014-03-12,"4,289,833","84,701,103","7,820","25,173,927.93","204,190,257"
2014-03-11,"4,193,335","88,207,897","-516,430","25,860,716.13","203,881,149"
2014-03-10,"3,996,416","87,395,084","2,989,550","25,795,788.31","203,200,820"
2014-03-07,"5,627,630","131,025,384","11,374,780","26,312,672.08","202,838,255"
2014-03-06,"5,162,262","119,654,202","9,213,490","26,834,095.80","203,821,457"
2014-03-05,"4,487,916","104,272,509","1,171,020","26,739,852.45","203,373,341"
2014-03-04,"4,208,364","92,214,779","-2,171,640","26,183,359.72","202,697,018"
2014-03-03,"4,380,579","101,581,908","-663,720","26,387,293.24","202,080,202"
2014-02-27,"4,544,427","103,620,620","7,112,660","27,278,321.06","201,635,807"
2014-02-26,"4,960,946","104,799,555","7,095,750","27,240,031.74","202,148,626"
2014-02-25,"4,437,477","92,062,775","3,327,460","26,873,777.59","201,825,975"
2014-02-24,"4,508,539","86,206,509","1,846,050","26,699,310.34","201,319,859"
2014-02-21,"4,700,308","94,874,122","9,820,260","26,847,727.64","201,127,799"
2014-02-20,"4,589,537","95,992,736","832,320","26,603,131.69","201,011,558"
2014-02-19,"4,186,950","86,599,783","7,372,000","26,795,328.57","200,782,206"
2014-02-18,"3,733,814","73,462,690","5,631,460","26,259,653.06","200,579,996"
2014-02-17,"3,686,837","73,226,256","2,015,360","26,370,453.17","200,226,934"
2014-02-14,"4,320,602","90,874,517","8,854,680","26,415,857.94","200,079,713"
2014-02-13,"4,053,166","76,687,622","-1,326,230","26,197,154.89","200,591,018"
2014-02-12,"4,674,053","97,458,753","2,505,570","26,455,624.79","199,742,919"
2014-02-11,"3,914,312","80,594,553","-178,720","25,901,666.07","199,672,848"
2014-02-10,"3,970,822","79,905,995","-6,213,750","26,267,717.47","199,576,140"
2014-02-07,"4,348,437","97,634,192","-6,407,140","26,044,660.33","199,385,907"
2014-02-06,"4,387,575","104,384,468","-16,642,010","25,131,038.46","198,946,462"
2014-02-05,"4,841,976","135,802,903","-42,329,960","24,386,778.35","197,377,394"
2014-01-27,"4,003,706","100,416,758","-16,820,680","27,602,783.46","194,870,445"
2014-01-24,"3,568,470","83,743,644","1,534,900","29,794,964.61","196,982,757"
2014-01-23,"4,026,745","88,670,076","276,500","30,874,849.59","198,022,699"
2014-01-22,"4,236,741","92,716,105","2,353,470","30,725,421.69","198,258,957"
2014-01-21,"4,815,020","106,892,617","75,010","30,828,963.66","199,149,872"
2014-01-20,"4,366,334","97,398,333","3,573,120","31,100,160.89","199,043,505"
2014-01-17,"4,520,607","106,897,672","10,928,620","30,723,722.71","199,422,619"
2014-01-16,"5,077,337","109,194,181","4,362,960","31,835,464.62","199,620,039"
2014-01-15,"5,319,587","117,234,122","7,541,570","31,798,983.46","199,331,781"
2014-01-14,"4,247,023","83,923,064","189,300","31,031,467.16","199,931,101"
2014-01-13,"4,633,450","94,243,737","3,874,080","31,598,049.07","199,375,274"
2014-01-10,"4,771,243","100,738,211","-326,860","31,857,704.72","199,510,457"
2014-01-09,"6,277,065","135,377,950","276,000","31,653,432.39","198,561,321"
2014-01-08,"5,447,851","117,221,976","3,616,250","32,039,805.11","198,070,030"
2014-01-07,"4,489,316","97,181,535","1,071,100","31,750,072.74","197,194,975"
2014-01-06,"4,556,810","96,095,770","-79,150","31,961,940.18","195,944,876"
2014-01-03,"4,406,184","93,481,463","-2,478,600","32,520,779.72","195,704,315"
2014-01-02,"4,462,792","92,115,396","2,132,230","32,808,388.42","194,959,318"
